Patient_ID	Neoplasm_Disease_Stage	Disease_Free_Month	Fraction_Genome_Altered	Mutation_Count	Overall_Survival_Month	 Metastasis_Stage_Code	Lymph_Node_Stage	Tumor_Stage	Progress_Free_Survival_Months	Subtype
TCGA-3C-AAAU	STAGE X	59.440444488	0.7787	24	133.0505967	MX	NX	TX	59.44044449	BRCA_LumA
TCGA-3C-AALI	STAGE IIB	131.66978992	0.7164	458	131.6697899	M0	N1A	T2	131.6697899	BRCA_Her2
TCGA-3C-AALJ	STAGE IIB	48.459742907	0.5340	28	48.45974291	M0	N1A	T2	48.45974291	BRCA_LumB
TCGA-3C-AALK	STAGE IA	NA	0.0764	45	47.60495775	M0	N0 (I+)	T1C	47.60495775	BRCA_LumA
TCGA-4H-AAAK	STAGE IIIA	11.44097051	0.2364	21	11.44097051	M0	N2A	T2	11.44097051	BRCA_LumA
TCGA-5L-AAT0	STAGE IIA	NA	0.0702	139	48.55837196	M0	N0	T2	48.55837196	BRCA_LumA
TCGA-5T-A9QA	STAGE IIA	NA	0.4133	55	9.961534668	MX	NX	T2	9.961534668	BRCA_LumB
TCGA-A1-A0SB	STAGE I	8.5149751784	0.0008	15	8.514975178	M0	N0	T1C	8.514975178	BRCA_Normal
TCGA-A1-A0SD	STAGE IIA	14.366965841	0.2474	33	14.36696584	M0	N0	T2	14.36696584	BRCA_LumA
TCGA-A1-A0SE	STAGE I	43.429661045	0.2134	26	43.42966105	M0	N0 (I-)	T1C	43.42966105	BRCA_LumA
TCGA-A1-A0SF	STAGE IIA	48.098103034	0.2015	50	48.09810303	M0	N0	T2	48.09810303	BRCA_LumA
TCGA-A1-A0SG	STAGE IIB	14.268336785	0.0969	27	14.26833679	M0	N1A	T2	14.26833679	BRCA_LumA
TCGA-A1-A0SH	STAGE IIA	47.243317881	0.1789	94	47.24331788	M0	N0 (I-)	T2	47.24331788	BRCA_LumA
TCGA-A1-A0SI	STAGE IIB	20.876483545	0.3313	179	20.87648355	M0	N1A	T2	20.87648355	BRCA_LumB
TCGA-A1-A0SJ	STAGE IIIA	13.676562449	0.4600	30	13.67656245	M0	N1A	T3	13.67656245	BRCA_LumA
TCGA-A1-A0SK	STAGE IIA	NA	0.4163	62	31.79143242	M0	N0 (I-)	T2	31.79143242	BRCA_Basal
TCGA-A1-A0SM	STAGE IIA	7.9560771937	0.1807	19	7.956077194	M0	N0 (I-)	T2	7.956077194	NA
TCGA-A1-A0SN	STAGE IIA	39.32011704	0.5518	50	39.32011704	MX	N1	T1C	39.32011704	BRCA_LumB
TCGA-A1-A0SO	STAGE IIB	28.010651938	0.7700	271	28.01065194	M0	N1	T2	28.01065194	BRCA_Basal
TCGA-A1-A0SP	STAGE IIA	19.199789591	0.3918	51	19.19978959	M0	N0 (I-)	T2	19.19978959	BRCA_Basal
TCGA-A1-A0SQ	STAGE IIB	18.21349903	0.1094	23	18.21349903	MX	N1	T2	18.21349903	BRCA_LumA
TCGA-A2-A04N	STAGE IA	143.14363678	0.0862	41	143.1436368	M0	N0 (I-)	T1C	143.1436368	BRCA_LumA
TCGA-A2-A04P	STAGE IIIC	NA	0.6407	128	18.01624092	M0	N3C	T2	3.353387908	BRCA_Basal
TCGA-A2-A04Q	STAGE IA	78.410099615	0.0853	46	78.41009962	M0	N0 (I-)	T1	78.41009962	BRCA_Basal
TCGA-A2-A04R	STAGE IA	121.93838972	0.2643	73	121.9383897	M0	N0 (I-)	T1	121.9383897	BRCA_LumB
TCGA-A2-A04T	STAGE IIA	73.840286682	0.6936	89	73.84028668	M0	N0 (I-)	T2	73.84028668	BRCA_Basal
TCGA-A2-A04U	STAGE IIA	87.253838314	0.6677	49	87.25383831	M0	N0 (I+)	T2	87.25383831	BRCA_Basal
TCGA-A2-A04V	STAGE IIA	48.328237499	0.1132	27	63.12259592	M0	N0 (I-)	T2	48.3282375	BRCA_LumA
TCGA-A2-A04W	STAGE IIB	101.98244403	0.1065	126	101.982444	M0	N1MI	T2	101.982444	BRCA_Her2
TCGA-A2-A04X	STAGE IIA	55.429529539	0.2434	28	55.42952954	M0	N0 (I-)	T2	55.42952954	BRCA_Her2
TCGA-A2-A04Y	STAGE IIB	36.131110892	0.1470	48	36.13111089	M0	N1MI	T2	36.13111089	BRCA_LumB
TCGA-A2-A0CK	STAGE IIIA	44.843344183	0.1005	13	136.7327481	M0	N2A	T3	44.84334418	BRCA_LumA
TCGA-A2-A0CL	STAGE IIIA	NA	0.0591	133	99.1222014	M0	N2A	T3	99.1222014	BRCA_Normal
TCGA-A2-A0CM	STAGE IIA	12.558766479	0.3928	52	24.78876944	M0	N0 (I-)	T2	12.55876648	BRCA_Basal
TCGA-A2-A0CO	STAGE IIB	NA	0.1329	NA	114.8042213	M0	N0	T3	114.8042213	NA
TCGA-A2-A0CP	STAGE IA	92.481178288	0.0870	35	92.48117829	M0	N0 (I-)	T1C	92.48117829	BRCA_LumA
TCGA-A2-A0CQ	STAGE IA	88.601768748	0.1198	29	88.60176875	M0	N0 (I-)	T1	88.60176875	BRCA_LumA
TCGA-A2-A0CR	STAGE IIB	NA	0.0000	134	107.9330638	M0	N0	T3	107.9330638	BRCA_LumA
TCGA-A2-A0CS	STAGE IV	NA	0.1967	31	77.19367459	M1	N3A	T4B	77.19367459	BRCA_LumA
TCGA-A2-A0CT	STAGE IIA	75.25396982	0.7056	80	75.25396982	M0	N0 (I-)	T2	75.25396982	BRCA_LumA
TCGA-A2-A0CU	STAGE IIA	NA	0.4388	43	5.194463622	M0	N0 (I+)	T2	5.194463622	BRCA_LumA
TCGA-A2-A0CV	STAGE IIB	98.990695992	0.6142	22	98.99069599	M0	N1A	T2	98.99069599	BRCA_LumA
TCGA-A2-A0CW	STAGE IIB	107.93306375	0.3083	65	107.9330638	M0	N1A	T2	107.9330638	BRCA_LumB
TCGA-A2-A0CX	STAGE IIA	56.810336325	0.3591	250	56.81033633	M0	N0 (I-)	T2	56.81033633	BRCA_Her2
TCGA-A2-A0CZ	STAGE IIA	NA	NA	24	53.1281849	M0	N0 (I-)	T2	53.1281849	NA
TCGA-A2-A0D0	STAGE IIA	67.330768978	0.7061	73	67.33076898	M0	N0 (I-)	T2	67.33076898	BRCA_Basal
TCGA-A2-A0D1	STAGE IIA	34.553045994	0.2609	44	34.55304599	M0	N0 (I-)	T2	34.55304599	BRCA_Her2
TCGA-A2-A0D2	STAGE IIA	33.764013545	0.5025	81	33.76401355	M0	N0 (I+)	T2	33.76401355	BRCA_Basal
TCGA-A2-A0D3	STAGE IA	61.577407371	0.1108	25	61.57740737	M0	N0 (I-)	T1C	61.57740737	BRCA_LumA
TCGA-A2-A0D4	STAGE IIB	25.216162015	0.3856	36	25.21616202	M0	N1A	T2	25.21616202	BRCA_LumB
TCGA-A2-A0EM	STAGE IA	101.71943321	0.1025	31	101.7194332	M0	N0 (I-)	T1	101.7194332	BRCA_LumA
TCGA-A2-A0EN	STAGE IIA	134.39852714	0.2206	33	134.3985271	M0	N0 (I+)	T2	134.3985271	BRCA_LumA
TCGA-A2-A0EO	STAGE IA	NA	0.2512	28	80.28405168	M0	N0 (I-)	T1	80.28405168	BRCA_LumA
TCGA-A2-A0EP	STAGE I	118.4534964	0.0000	9	118.4534964	M0	N0 (I+)	T1	118.4534964	BRCA_LumA
TCGA-A2-A0EQ	STAGE IIA	79.758030049	0.2545	212	79.75803005	M0	N0 (I-)	T2	79.75803005	BRCA_Her2
TCGA-A2-A0ER	STAGE IB	74.399184666	0.0756	27	74.39918467	M0	N1MI	T1C	74.39918467	BRCA_LumA
TCGA-A2-A0ES	STAGE IIA	71.999210968	0.0056	13	71.99921097	M0	N0 (I-)	T2	71.99921097	BRCA_LumA
TCGA-A2-A0ET	STAGE IIIA	35.046191275	0.5078	43	35.04619128	M0	N2A	T2	35.04619128	BRCA_LumA
TCGA-A2-A0EU	STAGE IA	34.290035178	0.5175	44	34.29003518	M0	N0 (I-)	T1C	34.29003518	BRCA_LumA
TCGA-A2-A0EV	STAGE IA	31.824308775	0.2086	63	31.82430878	M0	N0 (I-)	T1C	31.82430878	BRCA_LumA
TCGA-A2-A0EW	STAGE IIIC	NA	0.0724	15	61.93904724	M0	N3A	T1B	44.48170431	BRCA_LumA
TCGA-A2-A0EX	STAGE IIB	24.723016734	0.1003	27	24.72301673	M0	N0 (I+)	T3	24.72301673	BRCA_LumA
TCGA-A2-A0EY	STAGE IIB	63.286977677	0.6388	182	63.28697768	M0	N1A	T2	63.28697768	BRCA_LumB
TCGA-A2-A0ST	STAGE IIA	99.187954105	0.0109	15	99.18795411	M0	N1A	T1C	99.18795411	BRCA_Basal
TCGA-A2-A0SU	STAGE IIA	54.64049709	0.1178	31	54.64049709	M0	N0 (I+)	T2	54.64049709	BRCA_LumA
TCGA-A2-A0SV	STAGE IV	NA	0.3799	33	27.12299043	M1	N2A	T2	27.12299043	BRCA_LumB
TCGA-A2-A0SW	STAGE IV	NA	0.4298	51	44.87622054	M1	N2	T2	21.46825788	BRCA_LumB
TCGA-A2-A0SX	STAGE IA	40.733800178	0.3822	23	50.43232403	M0	N0 (I-)	T1C	40.73380018	BRCA_Basal
TCGA-A2-A0SY	STAGE IIIA	44.284446198	0.1043	115	44.2844462	M0	N1	T3	44.2844462	BRCA_LumA
TCGA-A2-A0T0	STAGE IIB	17.523095637	0.4533	169	17.52309564	M0	N1	T2	17.52309564	BRCA_Basal
TCGA-A2-A0T1	STAGE IIIC	17.128579413	0.1868	24	17.12857941	M0	N3	T3	17.12857941	BRCA_Her2
TCGA-A2-A0T2	STAGE IV	NA	0.9463	28	8.38346977	M1	N3	T3	8.38346977	BRCA_Basal
TCGA-A2-A0T3	STAGE IB	49.840549693	0.5528	29	49.84054969	M0	N1MI	T1C	49.84054969	BRCA_LumB
TCGA-A2-A0T4	STAGE IIA	20.514843673	0.2209	31	20.51484367	M0	N0 (I-)	T2	20.51484367	BRCA_LumA
TCGA-A2-A0T5	STAGE IIA	17.457342933	0.1153	15	17.45734293	M0	N0 (I-)	T2	17.45734293	BRCA_LumA
TCGA-A2-A0T6	STAGE IIB	18.903902423	0.1161	17	18.90390242	M0	N0 (I-)	T3	18.90390242	BRCA_LumA
TCGA-A2-A0T7	STAGE IIA	20.744978137	0.3425	22	20.74497814	M0	N0 (I+)	T2	20.74497814	BRCA_LumA
TCGA-A2-A0YC	STAGE IIB	NA	0.1110	24	32.54758852	M0	N1MI	T2	24.85452214	BRCA_LumA
TCGA-A2-A0YD	STAGE IIB	25.281914719	0.0935	55	25.28191472	M0	N0 (I+)	T3	25.28191472	BRCA_LumA
TCGA-A2-A0YE	STAGE IIB	18.21349903	0.7810	27	18.21349903	M0	N1A	T2	18.21349903	BRCA_Basal
TCGA-A2-A0YF	STAGE I	50.465200381	0.1229	26	50.46520038	M0	N0 (I+)	T1B	50.46520038	BRCA_LumA
TCGA-A2-A0YG	STAGE IIIC	21.895650459	0.3672	52	21.89565046	M0	N3A	T2	21.89565046	BRCA_LumB
TCGA-A2-A0YH	STAGE IIIA	21.665515994	0.3154	68	21.66551599	M0	N2A	T2	21.66551599	BRCA_LumB
TCGA-A2-A0YI	STAGE I	49.47890982	0.1891	11	49.47890982	M0	N0 (I+)	T1C	49.47890982	BRCA_LumA
TCGA-A2-A0YJ	STAGE IIIA	18.37788079	0.5313	75	18.60801526	M0	N2A	T3	18.37788079	BRCA_Basal
TCGA-A2-A0YK	STAGE IIA	NA	0.1055	317	19.331295	M0	N0 (I-)	T2	19.331295	BRCA_Normal
TCGA-A2-A0YL	STAGE IIIA	48.459742907	0.1036	27	48.45974291	M0	N2A	T3	48.45974291	BRCA_LumA
TCGA-A2-A0YM	STAGE IIA	31.725679719	0.4340	75	31.72567972	M0	N0 (I-)	T2	31.72567972	BRCA_Basal
TCGA-A2-A0YT	STAGE IIIB	23.769602525	0.5755	58	23.76960253	M0	N2A	T4B	23.76960253	BRCA_LumB
TCGA-A2-A1FV	STAGE IIB	23.473715357	0.3999	39	23.47371536	M0	N0 (I+)	T3	23.47371536	BRCA_LumA
TCGA-A2-A1FW	STAGE IIIA	17.358713877	0.6055	61	17.35871388	M0	N2A	T3	17.35871388	BRCA_LumB
TCGA-A2-A1FX	STAGE IIIA	60.722622218	0.4239	24	60.72262222	M0	N2A	T3	60.72262222	BRCA_LumB
TCGA-A2-A1FZ	STAGE IIA	22.454548443	0.1009	26	22.45454844	M0	N0 (I-)	T2	22.45454844	BRCA_LumA
TCGA-A2-A1G0	STAGE IIB	20.251832857	0.1485	20	20.25183286	M0	N1A	T2	20.25183286	BRCA_LumA
TCGA-A2-A1G1	STAGE IIB	19.199789591	0.1756	28	19.19978959	M0	N1	T2	19.19978959	BRCA_Basal
TCGA-A2-A1G4	STAGE IIIA	19.561429464	0.1531	28	19.56142946	M0	N1A	T3	19.56142946	BRCA_LumB
TCGA-A2-A1G6	STAGE IIIA	16.471052372	0.0001	8	16.47105237	M0	N2A	T2	16.47105237	BRCA_Normal
TCGA-A2-A259	STAGE I	NA	0.1071	22	52.47065786	M0	N0 (I-)	T1C	52.47065786	BRCA_LumA
TCGA-A2-A25A	STAGE IIA	107.70292928	0.1189	301	107.7029293	M0	N0 (I-)	T2	107.7029293	BRCA_Normal
TCGA-A2-A25B	STAGE IIB	NA	0.4302	98	42.44337048	M0	N1	T2	42.41049413	BRCA_LumB
TCGA-A2-A25C	STAGE IIB	17.194332117	0.3264	34	17.19433212	M0	N1A	T2	17.19433212	BRCA_LumB
TCGA-A2-A25D	STAGE IIIC	NA	0.2363	50	18.14774633	M0	N3A	T2	18.14774633	BRCA_LumA
TCGA-A2-A25E	STAGE IIIA	98.267416247	0.3373	48	105.3358319	M0	N2A	T2	98.26741625	BRCA_LumB
TCGA-A2-A25F	STAGE IIA	10.586185357	0.0021	6	10.58618536	M0	N0 (I-)	T2	10.58618536	BRCA_Basal
TCGA-A2-A3KC	STAGE IIB	36.229739948	0.1404	NA	36.22973995	M0	N1A	T2	36.22973995	NA
TCGA-A2-A3KD	STAGE IIIA	NA	0.2021	8	39.64888056	M0	N1MI	T3	39.64888056	BRCA_LumA
TCGA-A2-A3XS	STAGE IIIA	22.421672091	0.5445	NA	33.92839531	M0	N2A	T1	22.42167209	NA
TCGA-A2-A3XT	STAGE IIB	91.067495151	0.4752	69	91.06749515	M0	N1A	T2	91.06749515	BRCA_Basal
TCGA-A2-A3XU	STAGE IIB	18.871026071	0.3244	21	29.98323306	M0	N1MI	T2	18.87102607	BRCA_Basal
TCGA-A2-A3XV	STAGE IIA	32.744846632	0.1244	38	32.74484663	M0	N0	T2	32.74484663	BRCA_Her2
TCGA-A2-A3XW	STAGE IIB	56.284314692	0.0011	8	56.28431469	M0	N1A	T2	56.28431469	BRCA_Normal
TCGA-A2-A3XX	STAGE IIA	47.309070586	0.5550	32	47.30907059	M0	N0	T2	47.30907059	BRCA_Basal
TCGA-A2-A3XY	STAGE IIB	26.366834336	0.1367	NA	35.93385278	M0	N1A	T2	26.36683434	NA
TCGA-A2-A3XZ	STAGE I	50.366571325	0.1157	32	50.36657133	M0	N0	T1C	50.36657133	BRCA_Her2
TCGA-A2-A3Y0	STAGE IIB	NA	0.4308	147	50.82684025	M0	N1A	T2	50.82684025	BRCA_Basal
TCGA-A2-A4RW	STAGE IIIC	7.2985501529	0.3425	NA	7.298550153	M0	N3A	T2	7.298550153	NA
TCGA-A2-A4RX	STAGE IIA	24.394253214	0.3733	NA	24.39425321	M0	N0	T2	24.39425321	NA
TCGA-A2-A4RY	STAGE IIIC	21.303876122	0.0040	NA	21.30387612	M0	N3A	T3	21.30387612	NA
TCGA-A2-A4S0	STAGE IIA	23.21070454	0.0001	NA	23.21070454	M0	N0	T2	23.21070454	NA
TCGA-A2-A4S1	STAGE IIA	26.958608673	0.3185	70	26.95860867	M0	N0	T2	26.95860867	BRCA_Basal
TCGA-A2-A4S2	STAGE IIIA	21.139494362	0.3280	27	21.13949436	M0	N2	T3	21.13949436	BRCA_LumA
TCGA-A2-A4S3	STAGE IIB	21.895650459	0.4494	55	21.89565046	M0	N1A	T2	21.89565046	BRCA_LumB
TCGA-A7-A0CD	STAGE I	38.300950127	0.5843	22	38.30095013	M0	N0	T1	38.30095013	BRCA_LumA
TCGA-A7-A0CE	STAGE IIA	35.309202091	0.4998	93	35.30920209	M0	N0 (I-)	T2	35.30920209	BRCA_Basal
TCGA-A7-A0CG	STAGE IIA	NA	0.1221	47	34.29003518	M0	N0 (I-)	T2	34.29003518	BRCA_LumA
TCGA-A7-A0CH	STAGE IIA	35.473583851	0.0627	30	35.47358385	M0	N0 (I-)	T2	35.47358385	BRCA_LumA
TCGA-A7-A0CJ	STAGE IIA	NA	0.5648	55	30.60788375	M0	N0 (I-)	T2	30.60788375	BRCA_LumB
TCGA-A7-A0D9	STAGE IIA	37.446164974	0.1867	20	37.44616497	M0	N0 (I-)	T2	37.44616497	BRCA_LumA
TCGA-A7-A0DA	STAGE IIA	35.670841963	0.7563	148	35.67084196	M0	N0 (I-)	T2	35.67084196	BRCA_Basal
TCGA-A7-A0DB	STAGE IIA	NA	0.3296	31	33.1064865	M0	N0 (I-)	T2	33.1064865	BRCA_LumA
TCGA-A7-A0DC	STAGE IA	29.785974948	0.3192	NA	29.78597495	M0	N0 (I-)	T1C	29.78597495	NA
TCGA-A7-A13D	STAGE IIA	31.725679719	0.7824	89	31.72567972	M0	N0 (I-)	T2	31.72567972	BRCA_Basal
TCGA-A7-A13E	STAGE IIB	18.279251734	0.6513	52	20.18608015	MX	N1	T2	18.27925173	BRCA_Basal
TCGA-A7-A13F	STAGE IIIA	25.150409311	0.2607	37	25.15040931	M0	N1A	T3	25.15040931	BRCA_LumB
TCGA-A7-A13G	STAGE IIA	23.605220765	0.1150	20	23.60522077	MX	N0	T2	19.2655423	BRCA_LumA
TCGA-A7-A13H	STAGE IIB	29.555840484	0.1215	NA	29.55584048	MX	N1A	T2	26.13669987	NA
TCGA-A7-A26E	STAGE IIIA	31.364039846	NA	38	31.36403985	MX	N1A	T3	31.36403985	BRCA_LumA
TCGA-A7-A26F	STAGE IA	24.262747806	0.3177	39	24.26274781	M0	N0	T1	24.26274781	BRCA_Basal
TCGA-A7-A26G	STAGE IIA	23.736726173	0.2490	45	23.73672617	M0	N0 (I+)	T2	23.73672617	BRCA_Basal
TCGA-A7-A26H	STAGE IIA	9.5670184436	0.2219	108	23.80247888	M0	N1A	T1	9.567018444	BRCA_LumA
TCGA-A7-A26I	STAGE IIA	21.731268698	0.6589	34	21.7312687	M0	N0	T2	21.7312687	BRCA_Basal
TCGA-A7-A26J	STAGE IIA	20.613472729	NA	23	20.61347273	M0	N0	T2	20.61347273	BRCA_LumA
TCGA-A7-A2KD	STAGE IIIA	22.323043035	0.3760	31	22.32304304	MX	N2A	T2	22.32304304	BRCA_LumB
TCGA-A7-A3IY	STAGE I	11.342341454	0.0079	NA	11.34234145	M0	N0	T1C	11.34234145	NA
TCGA-A7-A3IZ	STAGE IIA	10.586185357	0.1728	NA	10.58618536	M0	N0 (I+)	T2	10.58618536	NA
TCGA-A7-A3J0	STAGE IIA	10.290298189	0.2240	NA	10.29029819	M0	N0	T2	10.29029819	NA
TCGA-A7-A3J1	STAGE IA	11.27658875	0.2148	NA	11.27658875	MX	N0	T1C	11.27658875	NA
TCGA-A7-A3RF	STAGE IIA	5.720485255	0.0023	32	13.41355163	M0	N0	T2	5.720485255	BRCA_LumA
TCGA-A7-A425	STAGE IIIC	13.775191505	0.1447	26	14.69572936	MX	N3A	T3	13.77519151	BRCA_LumA
TCGA-A7-A426	STAGE IIIC	11.966992143	0.1708	NA	11.96699214	MX	N3A	T3	11.96699214	NA
TCGA-A7-A4SA	STAGE IIB	14.925863826	0.3754	NA	14.92586383	M0	N1A	T2	14.92586383	NA
TCGA-A7-A4SB	STAGE IIIA	13.742315153	0.5065	NA	13.74231515	M0	N1MI	T3	13.74231515	NA
TCGA-A7-A4SC	STAGE IIB	14.66285301	NA	27	14.66285301	MX	N0	T3	14.66285301	NA
TCGA-A7-A4SD	STAGE IIA	14.49847125	0.3712	44	14.49847125	M0	N0	T2	14.49847125	BRCA_Basal
TCGA-A7-A4SE	STAGE IIA	21.172370714	0.7743	92	21.17237071	M0	N0	T2	21.17237071	BRCA_Basal
TCGA-A7-A4SF	STAGE IIA	NA	0.5960	NA	17.91761186	M0	N0	T2	17.91761186	NA
TCGA-A7-A56D	STAGE IIA	14.728605714	0.4656	125	14.72860571	M0	N0	T2	14.72860571	BRCA_LumA
TCGA-A7-A5ZV	STAGE IIA	12.098497551	0.5955	161	12.09849755	M0	N0	T2	12.09849755	BRCA_Basal
TCGA-A7-A5ZW	STAGE IIA	10.717690765	0.0489	28	10.71769077	M0	N1A	T1C	10.71769077	BRCA_LumA
TCGA-A7-A5ZX	STAGE IIIC	NA	0.0684	31	11.04645429	M0	N3A	T2	11.04645429	BRCA_LumA
TCGA-A7-A6VV	STAGE IIA	10.290298189	0.6645	42	10.29029819	M0	N0	T2	10.29029819	BRCA_Basal
TCGA-A7-A6VW	STAGE IIA	NA	0.5937	56	9.369760331	M0	N0	T2	9.369760331	BRCA_Basal
TCGA-A7-A6VX	STAGE IIA	10.421803597	0.6347	117	10.4218036	M0	N0	T2	10.4218036	BRCA_LumB
TCGA-A7-A6VY	STAGE IIB	8.7451096426	0.4614	92	8.745109643	M0	N1	T2	8.745109643	BRCA_Basal
TCGA-A8-A06N	STAGE IIIB	0	0.5584	34	0	M0	N0	T4B	0	BRCA_LumB
TCGA-A8-A06O	STAGE I	13.019035408	0.3914	69	13.01903541	M0	N0	T1C	13.01903541	BRCA_LumB
TCGA-A8-A06P	STAGE IIIA	13.019035408	0.0945	32	13.01903541	M0	N2A	T1C	13.01903541	BRCA_LumA
TCGA-A8-A06Q	STAGE IIIA	1.0191669132	0.6549	214	1.019166913	M0	N2	T3	1.019166913	BRCA_LumB
TCGA-A8-A06R	STAGE IIB	17.983364566	0.5927	57	17.98336457	M0	N1A	T2	17.98336457	BRCA_LumB
TCGA-A8-A06T	STAGE IIIA	53.062432193	0.7708	26	53.06243219	M0	N1A	T3	53.06243219	BRCA_LumA
TCGA-A8-A06U	STAGE IIB	29.029818851	0.6192	63	29.02981885	M0	N1A	T2	29.02981885	BRCA_LumA
TCGA-A8-A06X	STAGE IIB	31.002399974	0.6033	186	31.00239997	M0	N0	T3	31.00239997	BRCA_LumB
TCGA-A8-A06Y	STAGE IIA	26.005194464	0.3042	29	26.00519446	M0	N0	T2	26.00519446	BRCA_LumA
TCGA-A8-A06Z	STAGE IIB	NA	0.7074	70	1.019166913	M0	N0	T3	1.019166913	BRCA_LumB
TCGA-A8-A075	STAGE IIB	17.029950357	0.5033	77	17.02995036	M0	N1A	T2	17.02995036	BRCA_LumB
TCGA-A8-A076	STAGE IIA	53.98297005	0.5527	70	53.98297005	M0	N0	T2	53.98297005	BRCA_LumB
TCGA-A8-A079	STAGE IIIB	9.008120459	0.3639	64	9.008120459	M0	N3	T4B	9.008120459	BRCA_LumB
TCGA-A8-A07B	STAGE IIA	43.002268468	0.3844	64	43.00226847	M0	N0	T2	43.00226847	BRCA_LumA
TCGA-A8-A07C	STAGE IIA	33.994148009	NA	136	33.99414801	M0	N0	T2	33.99414801	NA
TCGA-A8-A07E	STAGE X	19.98882204	0.2136	57	19.98882204	MX	N3A	T4B	19.98882204	BRCA_LumA
TCGA-A8-A07F	STAGE IIB	18.969655127	0.6103	28	18.96965513	M0	N1A	T2	18.96965513	BRCA_LumA
TCGA-A8-A07G	STAGE IIA	18.969655127	0.2875	59	18.96965513	M0	N1A	T1C	18.96965513	BRCA_LumA
TCGA-A8-A07I	STAGE IIIA	14.005325969	0.2446	40	14.00532597	M0	N2A	T2	14.00532597	BRCA_Her2
TCGA-A8-A07J	STAGE IIB	11.999868495	0.1612	37	11.9998685	M0	N1A	T2	11.9998685	BRCA_LumA
TCGA-A8-A07L	STAGE IIIA	32.054443239	0.4588	81	32.05444324	M0	N1A	T3	32.05444324	BRCA_LumB
TCGA-A8-A07O	STAGE IIA	9.9944110202	0.3136	38	9.99441102	M0	N0	T2	9.99441102	BRCA_Basal
TCGA-A8-A07P	STAGE IIB	10.980701581	0.2830	46	10.98070158	M0	N1	T2	10.98070158	BRCA_LumA
TCGA-A8-A07R	STAGE IIIC	NA	0.7041	NA	8.975244107	M0	N3A	T2	8.975244107	NA
TCGA-A8-A07S	STAGE IIA	NA	0.1065	NA	7.988953546	M0	N0	T2	7.988953546	NA
TCGA-A8-A07U	STAGE IIIA	24.98602755	0.0901	62	24.98602755	M0	N2A	T2	24.98602755	BRCA_Basal
TCGA-A8-A07W	STAGE IV	NA	0.4787	129	9.99441102	M1	NX	T2	9.99441102	BRCA_LumB
TCGA-A8-A07Z	STAGE IIA	45.073478647	0.8203	15	45.07347865	M0	N0	T2	45.07347865	BRCA_LumA
TCGA-A8-A081	STAGE IIA	0	0.6450	109	0	M0	N0	T2	0	BRCA_LumB
TCGA-A8-A082	STAGE IIB	18.04911727	0.1231	20	18.04911727	M0	N1A	T2	18.04911727	BRCA_LumB
TCGA-A8-A083	STAGE IIB	0	0.1819	29	0	M0	N0	T3	0	BRCA_LumA
TCGA-A8-A085	STAGE IIB	36.953019693	0.2398	61	36.95301969	M0	N1A	T2	36.95301969	NA
TCGA-A8-A086	STAGE IIA	13.019035408	0.2758	18	13.01903541	M0	N1A	T1C	13.01903541	BRCA_LumA
TCGA-A8-A08A	STAGE I	0.9862905612	0.0864	24	0.986290561	M0	N0	T1C	0.986290561	BRCA_LumA
TCGA-A8-A08B	STAGE IIA	38.005062958	0.3997	47	38.00506296	M0	N0	T2	38.00506296	BRCA_Her2
TCGA-A8-A08C	STAGE IIA	28.964066147	0.6502	NA	28.96406615	M0	N0	T2	28.96406615	NA
TCGA-A8-A08G	STAGE IIA	19.955945688	0.5338	44	19.95594569	M0	N0	T2	19.95594569	BRCA_LumB
TCGA-A8-A08H	STAGE IIA	0	0.0000	107	0	M0	N0	T2	0	BRCA_Normal
TCGA-A8-A08I	STAGE IIA	11.999868495	0.6372	33	11.9998685	M0	N0	T2	11.9998685	BRCA_LumB
TCGA-A8-A08J	STAGE IV	NA	0.4491	35	37.05164875	M1	N3	T4B	37.05164875	BRCA_Her2
TCGA-A8-A08L	STAGE IIIA	9.9944110202	0.5383	196	9.99441102	M0	N2A	T3	9.99441102	BRCA_Her2
TCGA-A8-A08O	STAGE IV	NA	0.6432	21	31.00239997	M1	N3A	T2	25.05178025	BRCA_LumA
TCGA-A8-A08P	STAGE IIIA	31.002399974	0.5434	66	31.00239997	M0	N2A	T2	31.00239997	BRCA_LumB
TCGA-A8-A08R	STAGE IIB	0.9862905612	0.5152	227	0.986290561	M0	N1A	T2	0.986290561	BRCA_Basal
TCGA-A8-A08T	STAGE IV	NA	0.2105	39	112.0754841	M1	N1A	T2	84.06483217	BRCA_LumA
TCGA-A8-A08X	STAGE IIIC	12.032744847	0.3454	33	43.00226847	M0	N3A	T4D	12.03274485	BRCA_Her2
TCGA-A8-A08Z	STAGE IIIB	40.010520433	0.1054	29	40.01052043	M0	N3A	T4B	40.01052043	BRCA_LumA
TCGA-A8-A090	STAGE IIA	0	0.2863	34	0	M0	N0	T2	0	BRCA_LumA
TCGA-A8-A091	STAGE IIA	7.9889535457	0.3068	19	33.00785745	M0	N0	T2	7.988953546	BRCA_LumA
TCGA-A8-A092	STAGE IIIA	30.969523622	0.5728	71	30.96952362	M0	N2A	T2	30.96952362	BRCA_LumB
TCGA-A8-A093	STAGE IIA	17.950488214	0.4219	91	17.95048821	M0	N0	T2	17.95048821	BRCA_LumA
TCGA-A8-A094	STAGE IIA	0	0.4871	170	0	M0	N0	T2	0	BRCA_Her2
TCGA-A8-A095	STAGE I	41.983101555	0.0741	127	41.98310156	M0	N0	T1C	41.98310156	BRCA_LumB
TCGA-A8-A096	STAGE IIA	0	0.0683	29	0	M0	N0	T2	0	BRCA_LumB
TCGA-A8-A097	STAGE IIB	11.999868495	0.3867	90	11.9998685	M0	N1	T2	11.9998685	BRCA_LumA
TCGA-A8-A099	STAGE X	NA	0.1923	27	9.99441102	MX	N3A	T4B	9.99441102	BRCA_LumA
TCGA-A8-A09A	STAGE X	NA	0.4260	204	9.99441102	M0	NX	T2	9.99441102	BRCA_LumA
TCGA-A8-A09B	STAGE IIIB	11.999868495	0.5104	40	11.9998685	M0	N1A	T4B	11.9998685	BRCA_LumA
TCGA-A8-A09C	STAGE X	NA	0.4981	25	1.019166913	MX	N0	T2	1.019166913	BRCA_LumB
TCGA-A8-A09D	STAGE IIB	50.037807805	0.2338	34	50.03780781	M0	N1	T2	50.03780781	BRCA_LumA
TCGA-A8-A09G	STAGE IIIC	0	0.2213	238	0	M0	N3A	T3	0	BRCA_Her2
TCGA-A8-A09I	STAGE IIA	45.073478647	0.3571	128	45.07347865	M0	N0	T2	45.07347865	BRCA_LumB
TCGA-A8-A09M	STAGE IIIC	33.073610152	0.4565	131	33.07361015	M0	N3A	T2	33.07361015	BRCA_LumB
TCGA-A8-A09N	STAGE IIIC	1.0191669132	0.6977	58	1.019166913	M0	N3A	T2	1.019166913	BRCA_LumB
TCGA-A8-A09Q	STAGE IIIB	NA	0.5959	129	25.0189039	M0	N2A	T4B	25.0189039	BRCA_LumB
TCGA-A8-A09R	STAGE IIB	8.9752441069	0.4749	66	8.975244107	M0	N1	T2	8.975244107	BRCA_LumB
TCGA-A8-A09T	STAGE X	19.035407831	0.0930	22	19.03540783	MX	N0	T1C	19.03540783	BRCA_LumA
TCGA-A8-A09V	STAGE IIA	15.024492882	0.0703	30	15.02449288	M0	N0	T2	15.02449288	BRCA_LumA
TCGA-A8-A09W	STAGE IIIB	NA	0.3816	80	0.986290561	M0	N3	T2	0.986290561	BRCA_LumB
TCGA-A8-A09X	STAGE IIIC	NA	0.1791	47	14.00532597	M0	N3A	T2	14.00532597	BRCA_Her2
TCGA-A8-A09Z	STAGE IIB	NA	0.1205	1097	0	M0	N0	T3	0	BRCA_LumB
TCGA-A8-A0A1	STAGE IIA	11.999868495	0.1170	45	11.9998685	M0	N0	T2	11.9998685	BRCA_LumA
TCGA-A8-A0A2	STAGE IIA	19.035407831	0.3321	28	19.03540783	M0	N0	T2	19.03540783	BRCA_LumA
TCGA-A8-A0A4	STAGE IIA	13.019035408	0.2609	24	13.01903541	M0	N0	T2	13.01903541	BRCA_LumA
TCGA-A8-A0A6	STAGE IIIC	21.040865306	0.1429	25	21.04086531	M0	N3A	T2	21.04086531	BRCA_LumA
TCGA-A8-A0A7	STAGE IIB	0.9862905612	0.0491	194	0.986290561	M0	N1A	T2	0.986290561	BRCA_Her2
TCGA-A8-A0A9	STAGE IIA	27.024361377	0.4832	51	27.02436138	M0	N0	T2	27.02436138	BRCA_LumA
TCGA-A8-A0AB	STAGE IIA	17.029950357	0.2947	30	17.02995036	M0	N0	T2	17.02995036	BRCA_LumA
TCGA-A8-A0AD	STAGE I	38.03793931	0.1633	24	38.03793931	M0	N0	T1C	38.03793931	BRCA_LumA
TCGA-AC-A23C	STAGE IIB	19.232665943	0.1676	111	19.23266594	MX	N1	T2	19.23266594	BRCA_LumA
TCGA-AC-A23E	STAGE IIB	22.947693724	0.1121	19	22.94769372	MX	N1	T2	22.94769372	BRCA_LumA
TCGA-AC-A23G	STAGE IIA	73.906039386	0.0984	NA	73.90603939	MX	N1	T1C	73.90603939	NA
TCGA-AC-A23H	STAGE IIA	NA	0.2724	4260	5.720485255	M0	NX	T2	5.720485255	BRCA_Her2
TCGA-AC-A2B8	STAGE IIB	22.257290331	0.1088	83	22.25729033	M0	N0 (I-)	T3	21.50113423	BRCA_LumA
TCGA-AC-A2BK	STAGE IIIA	73.051254233	0.5065	79	73.05125423	MX	N2A	T2	73.05125423	BRCA_Basal
TCGA-AC-A2BM	STAGE IIB	99.352335865	0.3919	20	99.35233587	MX	N1A	T2	99.35233587	BRCA_LumB
TCGA-AC-A2FB	STAGE IIA	40.569418417	0.0024	10	40.56941842	MX	N0	T2	40.56941842	BRCA_LumA
TCGA-AC-A2FE	STAGE IIIC	25.183285663	0.1862	NA	86.66206398	MX	N3A	T3	25.18328566	NA
TCGA-AC-A2FF	STAGE IIB	90.705855278	0.0011	16	90.70585528	MX	N1	T2	90.70585528	BRCA_LumA
TCGA-AC-A2FG	STAGE IIB	60.91988033	0.0788	27	60.91988033	MX	N1A	T2	60.91988033	BRCA_LumA
TCGA-AC-A2FK	STAGE IIIC	87.122332906	0.0000	1	87.12233291	M0	N3A	T2	87.12233291	BRCA_Normal
TCGA-AC-A2FM	STAGE IIB	25.643554591	0.4843	NA	26.03807082	M0	N1MI	T2	25.64355459	NA
TCGA-AC-A2FO	STAGE IIB	74.13617385	0.1185	24	74.13617385	MX	N1	T2	74.13617385	BRCA_LumA
TCGA-AC-A2QH	STAGE IIB	33.0407338	0.4092	26	33.0407338	MX	N0	T3	33.0407338	BRCA_Basal
TCGA-AC-A2QI	STAGE IIIA	19.331295	0.0938	NA	19.331295	MX	N1A	T3	19.331295	NA
TCGA-AC-A2QJ	STAGE IIIB	7.7916954335	0.1854	NA	14.66285301	M0	N0	T4B	7.791695434	NA
TCGA-AC-A3BB	STAGE IIIA	32.448959463	0.1171	NA	32.44895946	MX	N2A	T3	32.44895946	NA
TCGA-AC-A3EH	STAGE IIIC	6.4766413519	0.3579	NA	6.476641352	M0	N3	T3	6.476641352	NA
TCGA-AC-A3HN	STAGE IIB	16.306670612	0.1499	13	16.30667061	MX	N1A	T2	16.30667061	BRCA_LumA
TCGA-AC-A3OD	STAGE IIB	14.82723477	0.2670	28	14.82723477	MX	N1MI	T2	14.82723477	BRCA_LumA
TCGA-AC-A3QP	STAGE IIB	22.191537627	0.0716	22	22.19153763	MX	N1MI	T2	22.19153763	BRCA_LumA
TCGA-AC-A3QQ	STAGE IA	NA	0.1273	26	24.1312424	MX	N0 (I-)	T1C	24.1312424	BRCA_LumA
TCGA-AC-A3TM	STAGE IIIA	25.051780254	0.1223	NA	25.05178025	M0	N1MI	T3	25.05178025	NA
TCGA-AC-A3TN	STAGE IIB	14.99161653	0.0710	NA	14.99161653	MX	N0	T3	14.99161653	NA
TCGA-AC-A3W5	STAGE IIA	NA	0.3754	117	16.56968143	MX	N0	T2	16.56968143	BRCA_Her2
TCGA-AC-A3W6	STAGE IIIA	19.791563928	0.1051	NA	19.79156393	MX	N1	T3	19.79156393	NA
TCGA-AC-A3W7	STAGE IIB	15.484761811	0.1454	NA	15.48476181	MX	N1A	T2	15.48476181	NA
TCGA-AC-A3YI	STAGE IIIC	23.243580892	0.0325	14	23.24358089	MX	N3A	T1C	23.24358089	BRCA_Normal
TCGA-AC-A3YJ	STAGE IIA	24.788769438	0.0443	17	24.78876944	MX	N0 (I-)	T2	24.78876944	BRCA_LumA
TCGA-AC-A4ZE	STAGE IIB	29.259953316	0.1820	45	29.25995332	M0	N0	T3	29.25995332	BRCA_LumA
TCGA-AC-A5EH	STAGE IIB	16.799815892	0.2183	130	16.79981589	MX	N1MI	T2	16.79981589	BRCA_Her2
TCGA-AC-A5EI	STAGE IB	14.531347602	0.1868	29	14.5313476	MX	N1MI	T1C	14.5313476	NA
TCGA-AC-A5XS	STAGE IIA	19.331295	0.2478	401	19.331295	MX	N0	T2	19.331295	BRCA_LumA
TCGA-AC-A5XU	STAGE IIB	14.958740178	0.5906	57	14.95874018	MX	N0 (I-)	T3	14.95874018	BRCA_LumA
TCGA-AC-A62V	STAGE IV	NA	0.4895	68	11.44097051	M1	N1A	T2	11.44097051	NA
TCGA-AC-A62X	STAGE IIA	13.709438801	0.5697	53	13.7094388	MX	N0	T2	13.7094388	BRCA_Basal
TCGA-AC-A62Y	STAGE IIB	NA	0.4145	56	17.42446658	MX	N1	T2	17.42446658	BRCA_LumA
TCGA-AC-A6IV	STAGE IIB	18.673767959	0.0215	18	18.67376796	MX	N1	T2	18.67376796	BRCA_LumA
TCGA-AC-A6IW	STAGE IIA	13.577933393	0.1742	131	13.57793339	MX	N0 (I-)	T2	13.57793339	BRCA_Basal
TCGA-AC-A6IX	STAGE IIIC	12.262879311	0.1912	48	12.26287931	MX	N3A	T2	12.26287931	BRCA_LumA
TCGA-AC-A6NO	STAGE IIB	1.676693954	0.1481	26	1.676693954	MX	N1A	T2	1.676693954	BRCA_LumA
TCGA-AC-A7VB	STAGE IIA	8.21908801	0.2511	21	8.21908801	MX	N1A	T1C	8.21908801	BRCA_LumB
TCGA-AC-A7VC	STAGE IIB	0.032876352	0.2899	16	0.032876352	MX	N0	T3	0.032876352	BRCA_Basal
TCGA-AC-A8OP	STAGE IA	20.186080153	0.2658	137	20.18608015	MX	N0 (I-)	T1C	20.18608015	BRCA_LumA
TCGA-AC-A8OQ	STAGE IIB	1.1177959694	0.2666	78	1.117795969	MX	N1A	T2	1.117795969	BRCA_Basal
TCGA-AC-A8OR	STAGE IA	1.3150540816	0.0328	58	1.315054082	MX	N0 (I-)	T1C	1.315054082	BRCA_LumA
TCGA-AC-A8OS	STAGE IIA	2.3013446428	0.1344	40	2.301344643	MX	N0 (I-)	T2	2.301344643	BRCA_LumA
TCGA-AN-A03X	STAGE IIA	0.3287635204	0.3072	36	0.32876352	M0	N0	T2	0.32876352	BRCA_LumA
TCGA-AN-A03Y	STAGE IIA	0.3287635204	0.3773	28	0.32876352	M0	N0	T2	0.32876352	BRCA_LumB
TCGA-AN-A041	STAGE IIB	0.2301344643	0.3265	28	0.230134464	M0	N1A	T2	0.230134464	BRCA_LumA
TCGA-AN-A046	STAGE IIA	0.3287635204	0.0264	5392	0.32876352	M0	N0	T2	0.32876352	BRCA_LumA
TCGA-AN-A049	STAGE IIA	NA	0.3796	28	0.624650689	M0	N0	T2	0.624650689	BRCA_LumA
TCGA-AN-A04A	STAGE IIIA	NA	0.5374	41	2.958871684	M0	N2	T2	2.958871684	BRCA_LumA
TCGA-AN-A04C	STAGE IIB	NA	0.3390	67	1.77532301	M0	N1	T2	1.77532301	BRCA_Her2
TCGA-AN-A04D	STAGE IIB	NA	0.3686	81	1.709570306	M0	N1	T2	1.709570306	BRCA_Basal
TCGA-AN-A0AJ	STAGE IIB	9.9615346681	0.6855	77	9.961534668	M0	N0	T3	9.961534668	BRCA_LumB
TCGA-AN-A0AK	STAGE IIA	7.364302857	0.2818	1122	7.364302857	M0	N0	T2	7.364302857	BRCA_LumB
TCGA-AN-A0AL	STAGE IIIB	7.4629319131	0.4407	80	7.462931913	M0	N0	T4	7.462931913	BRCA_Basal
TCGA-AN-A0AM	STAGE IIA	0.1643817602	0.2787	88	0.16438176	M0	N0	T2	0.16438176	BRCA_LumB
TCGA-AN-A0AR	STAGE IIA	0.3287635204	0.5378	111	0.32876352	M0	N0	T2	0.32876352	BRCA_Basal
TCGA-AN-A0AS	STAGE IIIA	0.3287635204	0.2493	42	0.32876352	M0	N2	T2	0.32876352	BRCA_LumA
TCGA-AN-A0AT	STAGE IIA	0.3287635204	0.4552	117	0.32876352	M0	N0	T2	0.32876352	BRCA_Basal
TCGA-AN-A0FD	STAGE IIA	6.4437649998	0.1710	32	6.443765	M0	N0	T2	6.443765	BRCA_LumA
TCGA-AN-A0FF	STAGE IA	5.6547325509	0.1509	20	5.654732551	M0	N0	T1B	5.654732551	BRCA_LumB
TCGA-AN-A0FJ	STAGE IV	NA	0.6191	79	7.956077194	M1	N2	T2	7.956077194	BRCA_Basal
TCGA-AN-A0FK	STAGE IIIB	7.0026629845	0.5521	34	7.002662985	M0	N0	T4	7.002662985	BRCA_LumA
TCGA-AN-A0FL	STAGE IIA	7.5944373212	0.5381	152	7.594437321	M0	N0	T2	7.594437321	BRCA_Basal
TCGA-AN-A0FN	STAGE IA	7.1670447447	0.0004	39	7.167044745	M0	N0	T1C	7.167044745	BRCA_LumA
TCGA-AN-A0FS	STAGE IA	6.9040339284	0.1049	61	6.904033928	M0	N0	T1C	6.904033928	BRCA_LumA
TCGA-AN-A0FT	STAGE IIB	7.0355393366	0.5805	83	7.035539337	M0	N1	T2	7.035539337	BRCA_LumA
TCGA-AN-A0FV	STAGE IIA	0.3287635204	0.5399	81	0.32876352	M0	N0	T2	0.32876352	BRCA_Her2
TCGA-AN-A0FW	STAGE IIIA	0.3616398724	0.1949	107	0.361639872	M0	N2	T2	0.361639872	BRCA_LumA
TCGA-AN-A0FX	STAGE IIA	0.3287635204	0.5402	119	0.32876352	M0	N0	T2	0.32876352	BRCA_Basal
TCGA-AN-A0FY	STAGE IA	0.3287635204	0.3500	48	0.32876352	M0	N0	T1C	0.32876352	BRCA_LumB
TCGA-AN-A0FZ	STAGE IIIA	0.3287635204	0.4504	67	0.32876352	M0	N2	T2	0.32876352	BRCA_LumA
TCGA-AN-A0G0	STAGE IIA	0.5260216326	NA	32	0.526021633	M0	N0	T2	0.526021633	NA
TCGA-AN-A0XL	STAGE IIA	5.3588453825	0.3332	33	5.358845383	M0	N0	T2	5.358845383	BRCA_LumA
TCGA-AN-A0XN	STAGE IIIA	0.3287635204	0.5133	146	0.32876352	M0	N2	T2	0.32876352	BRCA_LumA
TCGA-AN-A0XO	STAGE IIIA	12.328632015	0.2092	34	12.32863202	M0	N2	T2	12.32863202	BRCA_LumA
TCGA-AN-A0XP	STAGE IIIA	0.2958871684	0.1617	26	0.295887168	M0	N2	T2	0.295887168	BRCA_LumA
TCGA-AN-A0XR	STAGE IIIA	0.3287635204	0.1201	30	0.32876352	M0	N2	T2	0.32876352	BRCA_LumB
TCGA-AN-A0XS	STAGE IIIA	0.3287635204	0.0804	26	0.32876352	M0	N2	T2	0.32876352	BRCA_LumA
TCGA-AN-A0XT	STAGE IIIA	0.3287635204	0.3076	11	0.32876352	M0	N2	T2	0.32876352	BRCA_LumA
TCGA-AN-A0XU	STAGE IIA	0.3287635204	0.4834	115	0.32876352	M0	N0	T2	0.32876352	BRCA_Basal
TCGA-AN-A0XV	STAGE IIIA	5.3259690305	0.0851	32	5.325969031	M0	N2	T2	5.325969031	BRCA_LumA
TCGA-AN-A0XW	STAGE IIIA	5.5889798468	0.2488	289	5.588979847	M0	N2	T2	5.588979847	BRCA_LumA
TCGA-AO-A03L	STAGE IIIA	80.284051682	0.6527	28	80.28405168	M0	N2	T3	80.28405168	BRCA_LumA
TCGA-AO-A03M	STAGE I	61.347272907	0.1630	752	61.34727291	M0	N0 (I-)	T1C	61.34727291	BRCA_LumA
TCGA-AO-A03N	STAGE IIB	54.081599106	0.4975	91	66.77187099	M0	N1A	T2	54.08159911	BRCA_LumB
TCGA-AO-A03O	STAGE IIA	81.631982115	0.3537	73	81.63198212	M0	N0 (I-)	T2	81.63198212	BRCA_LumB
TCGA-AO-A03P	STAGE IIB	NA	0.4219	41	95.70306079	M0	N1	T2	63.18834862	BRCA_LumB
TCGA-AO-A03R	STAGE IIB	68.744452116	0.2442	36	68.74445212	M0	N1A	T2	68.74445212	BRCA_Normal
TCGA-AO-A03T	STAGE IIB	69.829371733	0.2679	89	69.82937173	M0	N1A	T2	69.82937173	BRCA_Normal
TCGA-AO-A03U	STAGE I	58.947299208	0.0010	5	58.94729921	M0	N0 (I-)	T1C	53.06243219	BRCA_Normal
TCGA-AO-A03V	STAGE I	44.415951606	0.3132	51	44.41595161	M0	N0 (I-)	T1C	44.41595161	BRCA_LumA
TCGA-AO-A0J2	STAGE IA	32.777722984	0.7158	53	32.77772298	M0	N0 (I-)	T1C	32.77772298	BRCA_Her2
TCGA-AO-A0J3	STAGE IIB	21.402505178	0.5363	76	21.40250518	M0	N1B	T2	21.40250518	BRCA_LumB
TCGA-AO-A0J4	STAGE IA	52.174770687	0.4434	101	52.17477069	M0	N0 (I-)	T1C	52.17477069	BRCA_Basal
TCGA-AO-A0J5	STAGE IV	NA	0.1273	54	26.03807082	M1	N1A	T4	26.03807082	BRCA_LumA
TCGA-AO-A0J6	STAGE IIA	37.479041326	0.4668	101	37.47904133	M0	N0 (I-)	T2	37.47904133	BRCA_Basal
TCGA-AO-A0J7	STAGE IIB	20.317585561	0.7671	18	20.31758556	M0	N1	T2	20.31758556	BRCA_LumB
TCGA-AO-A0J8	STAGE IIA	22.355919387	0.1308	22	22.35591939	M0	N0 (I+)	T2	22.35591939	BRCA_LumA
TCGA-AO-A0J9	STAGE IIIC	35.046191275	0.3623	107	53.02955584	M0	N3	T2	35.04619128	BRCA_LumA
TCGA-AO-A0JA	STAGE IIIC	4.7013183417	0.3029	20	21.53401059	M0	N3	T2	4.701318342	BRCA_LumA
TCGA-AO-A0JB	STAGE IIIA	50.695334846	0.4249	92	50.69533485	M0	N1A	T3	50.69533485	BRCA_Normal
TCGA-AO-A0JC	STAGE IIA	50.859716606	0.0001	136	50.85971661	M0	N0 (I-)	T2	50.85971661	BRCA_LumA
TCGA-AO-A0JD	STAGE IIIA	71.999210968	0.3929	101	71.99921097	M0	N1A	T3	71.99921097	BRCA_LumB
TCGA-AO-A0JE	STAGE IIIA	NA	0.3619	45	76.76628201	M0	N2A	T2	76.76628201	BRCA_Her2
TCGA-AO-A0JF	STAGE IIA	65.095177039	0.0531	26	65.09517704	M0	N1A	T1C	65.09517704	BRCA_LumA
TCGA-AO-A0JG	STAGE IIIA	NA	0.2284	16	26.23532893	M0	N2A	T2	26.23532893	BRCA_LumA
TCGA-AO-A0JI	STAGE IIA	50.235065917	0.2489	15	50.23506592	M0	N1	T1C	50.23506592	BRCA_LumA
TCGA-AO-A0JJ	STAGE IIB	62.037676299	0.1567	16	62.0376763	M0	N1A	T2	62.0376763	BRCA_LumA
TCGA-AO-A0JL	STAGE IIIA	55.330900483	0.6310	NA	55.33090048	M0	N2A	T2	55.33090048	NA
TCGA-AO-A0JM	STAGE IIB	71.801952855	0.3307	35	71.80195286	M0	N1	T2	71.80195286	BRCA_LumB
TCGA-AO-A124	STAGE IIA	115.26449025	0.7327	135	115.2644903	M0	N0 (I-)	T2	115.2644903	BRCA_Basal
TCGA-AO-A125	STAGE IIA	113.62067265	0.1154	31	113.6206727	M0	N0 (I-)	T2	113.6206727	BRCA_LumA
TCGA-AO-A126	STAGE IIA	8.7779859947	0.1535	20	108.7220962	M0	N0 (I-)	T2	8.777985995	BRCA_LumA
TCGA-AO-A128	STAGE IIA	106.78239143	0.1548	829	106.7823914	M0	N0 (I-)	T2	106.7823914	BRCA_Basal
TCGA-AO-A129	STAGE IIB	108.0316928	0.3991	110	108.0316928	M0	N1A	T2	108.0316928	BRCA_Basal
TCGA-AO-A12A	STAGE IIA	NA	0.1372	14	102.3112076	M0	N0 (I+)	T2	102.3112076	BRCA_LumA
TCGA-AO-A12B	STAGE IIA	98.267416247	0.1121	18	98.26741625	M0	N0 (I-)	T2	98.26741625	BRCA_LumA
TCGA-AO-A12D	STAGE IIA	82.684025381	0.3250	53	82.68402538	M0	N1A	T1C	82.68402538	BRCA_Her2
TCGA-AO-A12E	STAGE IIB	70.42114607	0.4013	27	70.42114607	M0	N0 (I+)	T3	70.42114607	BRCA_LumA
TCGA-AO-A12F	STAGE IIA	60.558240458	0.6214	35	60.55824046	M0	N0 (I-)	T2	60.55824046	BRCA_Basal
TCGA-AO-A12G	STAGE IIA	53.884340994	0.2741	34	53.88434099	M0	N0 (I+)	T2	53.88434099	BRCA_LumA
TCGA-AO-A12H	STAGE IIA	40.569418417	0.0000	21	40.56941842	M0	N0 (I-)	T2	40.56941842	BRCA_LumA
TCGA-AO-A1KO	STAGE IIB	20.449090969	0.0000	5	20.44909097	M0	N0 (I+)	T3	20.44909097	BRCA_Normal
TCGA-AO-A1KP	STAGE IIA	97.083867574	0.1817	16	97.08386757	M0	N1	T1	97.08386757	BRCA_LumB
TCGA-AO-A1KQ	STAGE IIIB	61.873294539	0.5026	NA	61.87329454	M0	N1	T4	61.87329454	NA
TCGA-AO-A1KR	STAGE IIA	82.618272676	0.4509	63	82.61827268	M0	N0	T2	82.61827268	BRCA_Basal
TCGA-AO-A1KS	STAGE IIA	11.506723214	0.4859	33	11.50672321	M0	N0 (I-)	T2	11.50672321	BRCA_LumB
TCGA-AO-A1KT	STAGE IIA	17.786106454	0.3513	35	17.78610645	M0	N1	T1	17.78610645	BRCA_LumB
TCGA-AQ-A04H	STAGE IIIA	24.788769438	0.4203	60	24.78876944	MX	N2A	T2	24.78876944	BRCA_LumB
TCGA-AQ-A04J	STAGE IIA	26.925732321	0.3431	69	26.92573232	M0	N0 (I+)	T2	26.92573232	BRCA_Basal
TCGA-AQ-A04L	STAGE IIA	130.09172502	0.5876	NA	130.091725	MX	N0 (I-)	T2	130.091725	NA
TCGA-AQ-A0Y5	STAGE IIIA	5.6547325509	0.4961	56	5.654732551	MX	N2A	T2	5.654732551	BRCA_LumA
TCGA-AQ-A1H2	STAGE IIIA	15.616267219	0.3295	24	15.61626722	MX	N2A	T2	15.61626722	BRCA_LumA
TCGA-AQ-A1H3	STAGE IIIC	32.514712168	0.2038	19	32.51471217	MX	N3A	T2	32.51471217	BRCA_LumA
TCGA-AQ-A54N	STAGE IIA	2.5643554591	0.6816	NA	2.564355459	M0	N0	T2	2.564355459	NA
TCGA-AQ-A54O	STAGE IIA	32.909228392	0.4149	18	32.90922839	M0	N0	T2	32.90922839	NA
TCGA-AQ-A7U7	STAGE IIIA	19.199789591	0.2481	58	19.19978959	M0	N2A	T2	19.19978959	BRCA_LumA
TCGA-AR-A0TP	STAGE IIA	140.54640497	0.5144	54	140.546405	M0	N0	T2	140.546405	BRCA_Basal
TCGA-AR-A0TQ	STAGE IIIA	98.333168952	0.1275	31	98.33316895	M0	N1	T3	98.33316895	BRCA_LumB
TCGA-AR-A0TR	STAGE IIB	5.2602163264	0.6024	31	5.260216326	M0	N1	T2	5.260216326	BRCA_LumA
TCGA-AR-A0TS	STAGE IIB	84.097708518	0.0895	69	84.09770852	M0	N1	T2	84.09770852	BRCA_Basal
TCGA-AR-A0TT	STAGE IIIA	109.01798336	0.3875	55	109.0179834	M0	N2	T2	109.0179834	BRCA_LumB
TCGA-AR-A0TU	STAGE IIA	23.309333596	NA	64	23.3093336	M0	N0	T2	23.3093336	NA
TCGA-AR-A0TV	STAGE IIA	75.221093467	0.3859	58	75.22109347	M0	N0	T2	75.22109347	BRCA_LumB
TCGA-AR-A0TW	STAGE IIIA	24.295624158	0.4849	48	98.92494329	M0	N1	T3	24.29562416	BRCA_LumA
TCGA-AR-A0TX	STAGE IIA	64.832166223	0.2237	276	64.83216622	M0	N1	T1	64.83216622	BRCA_Her2
TCGA-AR-A0TY	STAGE IIA	17.88473551	0.3607	79	55.85692212	M0	N0	T2	17.88473551	BRCA_LumB
TCGA-AR-A0TZ	STAGE IIIA	43.166650228	0.8185	56	107.2426604	M1	N2	T2	43.16665023	BRCA_LumA
TCGA-AR-A0U0	STAGE IIB	65.358187855	0.4875	37	65.35818786	M0	N1	T2	65.35818786	BRCA_Basal
TCGA-AR-A0U1	STAGE IIB	133.21497847	0.4237	78	133.2149785	M0	N1	T2	133.2149785	NA
TCGA-AR-A0U2	STAGE IIIA	52.898050432	0.6621	43	83.86757405	M0	N2	T2	52.89805043	BRCA_LumB
TCGA-AR-A0U3	STAGE IIB	134.13551632	0.5081	31	134.1355163	M0	N1	T2	134.1355163	BRCA_LumA
TCGA-AR-A0U4	STAGE IIA	107.209784	0.4452	145	107.209784	M0	N0	T2	107.209784	BRCA_Basal
TCGA-AR-A1AH	STAGE IIB	125.16027222	0.9025	79	125.1602722	M0	N1	T2	37.34753592	BRCA_Basal
TCGA-AR-A1AI	STAGE IIA	19.331295	0.4681	70	108.3604563	M0	N0	T2	19.331295	BRCA_Basal
TCGA-AR-A1AJ	STAGE I	100.99615347	0.0657	42	100.9961535	M0	N0	T1	100.9961535	BRCA_Basal
TCGA-AR-A1AK	STAGE I	103.85639609	0.2941	56	103.8563961	M0	N0	T1	103.8563961	BRCA_LumA
TCGA-AR-A1AL	STAGE IIIA	97.675641911	0.0817	24	97.67564191	M0	N1	T3	97.67564191	BRCA_LumA
TCGA-AR-A1AM	STAGE IIIA	98.333168952	0.1216	NA	98.33316895	M0	N1	T3	98.33316895	NA
TCGA-AR-A1AN	STAGE IIA	95.998947957	0.3367	26	95.99894796	M0	N0	T2	95.99894796	BRCA_LumA
TCGA-AR-A1AO	STAGE IIA	86.070289641	0.0002	89	86.07028964	M0	N1	T1	86.07028964	BRCA_Normal
TCGA-AR-A1AP	STAGE I	93.894861426	0.2882	32	93.89486143	M0	N0	T1	93.89486143	BRCA_LumA
TCGA-AR-A1AQ	STAGE IIA	99.319459513	0.4982	39	99.31945951	M0	N0	T2	99.31945951	BRCA_Basal
TCGA-AR-A1AR	STAGE IIIA	8.8108623467	0.4696	47	17.22720847	M0	N2	T1	8.810862347	BRCA_Basal
TCGA-AR-A1AS	STAGE IIB	37.807804846	0.1378	29	37.80780485	M0	N1	T2	37.80780485	BRCA_LumA
TCGA-AR-A1AT	STAGE IIA	41.818719795	NA	27	41.8187198	M0	N0	T2	41.8187198	NA
TCGA-AR-A1AU	STAGE IIIA	94.289377651	0.2156	19	94.28937765	M0	N2	T2	94.28937765	BRCA_LumA
TCGA-AR-A1AV	STAGE IIB	61.281520203	0.1890	41	61.2815202	M0	N1	T2	61.2815202	NA
TCGA-AR-A1AW	STAGE IIA	86.530558569	0.1214	29	86.53055857	M0	N0	T2	86.53055857	BRCA_LumB
TCGA-AR-A1AX	STAGE I	86.431929513	0.0366	26	86.43192951	M0	N0	T1	86.43192951	BRCA_LumA
TCGA-AR-A1AY	STAGE I	33.731137193	0.5101	57	33.73113719	M0	N0	T1	33.73113719	BRCA_Basal
TCGA-AR-A24H	STAGE IIA	160.89686688	0.4579	124	160.8968669	M0	N0	T2	160.8968669	BRCA_LumB
TCGA-AR-A24K	STAGE IIA	50.892592958	0.2005	29	50.89259296	M0	N0	T2	50.89259296	BRCA_LumB
TCGA-AR-A24L	STAGE IIB	46.487161785	0.3426	40	94.22362495	M0	N1	T2	46.48716179	BRCA_LumA
TCGA-AR-A24M	STAGE IIIA	120.32744847	0.1579	14	120.3274485	M0	N2	T2	120.3274485	BRCA_LumA
TCGA-AR-A24N	STAGE I	99.779728441	0.1106	32	99.77972844	M0	N0	T1	99.77972844	BRCA_LumB
TCGA-AR-A24O	STAGE IIIA	84.196337574	0.0332	20	118.5850018	M0	N2	T3	84.19633757	BRCA_LumA
TCGA-AR-A24P	STAGE I	2.7616135714	0.1587	21	2.761613571	M0	N0	T1	2.761613571	BRCA_LumA
TCGA-AR-A24Q	STAGE IIB	104.28378867	0.6640	162	104.2837887	M0	N0	T3	104.2837887	BRCA_Basal
TCGA-AR-A24R	STAGE IIIA	112.7658875	0.3412	21	112.7658875	M0	N2	T1	112.7658875	BRCA_LumB
TCGA-AR-A24S	STAGE I	97.840023671	0.3411	44	97.84002367	M0	N0	T1	97.84002367	BRCA_LumB
TCGA-AR-A24T	STAGE IIIC	105.27007923	0.2168	23	105.2700792	M0	N3	T3	105.2700792	BRCA_LumA
TCGA-AR-A24U	STAGE IIA	102.83722918	0.1646	34	102.8372292	M0	N1	T1	102.8372292	BRCA_Her2
TCGA-AR-A24V	STAGE IIB	105.30295558	0.2671	20	105.3029556	M0	N1	T2	105.3029556	BRCA_LumA
TCGA-AR-A24W	STAGE IIB	50.958345662	0.1024	15	50.95834566	M0	N1	T2	50.95834566	BRCA_LumA
TCGA-AR-A24X	STAGE IIA	98.760561528	0.0713	27	98.76056153	M0	N0	T2	98.76056153	BRCA_LumA
TCGA-AR-A24Z	STAGE IIA	98.661932472	0.5036	42	98.66193247	M0	N0	T2	98.66193247	BRCA_LumB
TCGA-AR-A250	STAGE IIA	88.996284972	0.3845	116	88.99628497	M0	N0	T2	88.99628497	BRCA_LumB
TCGA-AR-A251	STAGE IIIA	99.615346681	0.6718	159	99.61534668	M0	N2	T2	99.61534668	BRCA_Basal
TCGA-AR-A252	STAGE I	93.303087089	0.0162	14	93.30308709	M0	N0	T1	93.30308709	BRCA_LumA
TCGA-AR-A254	STAGE IIIA	85.642897064	0.2369	33	85.64289706	M0	N2	T2	85.64289706	BRCA_Her2
TCGA-AR-A255	STAGE I	71.045796758	0.6568	67	71.04579676	M0	N0	T1	71.04579676	BRCA_LumA
TCGA-AR-A256	STAGE IIA	53.917217346	0.6832	171	93.82910872	M0	N0	T2	53.91721735	BRCA_Basal
TCGA-AR-A2LE	STAGE I	166.42009403	0.0725	256	166.420094	M0	N0	T1	138.1793076	BRCA_LumA
TCGA-AR-A2LH	STAGE III	14.268336785	0.0000	59	20.25183286	M0	N3	T3	14.26833679	BRCA_Normal
TCGA-AR-A2LJ	STAGE IIIA	86.530558569	0.0874	NA	86.53055857	MX	N1	T3	86.53055857	NA
TCGA-AR-A2LK	STAGE III	42.87076306	0.6563	31	54.21310451	M0	N2	T3	42.87076306	BRCA_LumB
TCGA-AR-A2LM	STAGE II	63.615741197	0.1000	11	63.6157412	M0	N1	T1	63.6157412	BRCA_LumA
TCGA-AR-A2LN	STAGE IIA	38.169444718	0.0982	38	38.16944472	M0	N0	T2	38.16944472	BRCA_LumA
TCGA-AR-A2LO	STAGE IIB	39.385869744	0.2232	16	39.38586974	M0	N1	T2	39.38586974	BRCA_LumA
TCGA-AR-A2LQ	STAGE IIB	40.536542065	0.0000	10	40.53654207	M0	N0	T3	40.53654207	BRCA_Normal
TCGA-AR-A5QM	STAGE IIA	NA	0.3151	27	73.3471414	M0	N0	T2	31.82430878	BRCA_LumA
TCGA-AR-A5QN	STAGE IIIC	NA	0.2012	30	33.30374462	M0	N3	T2	33.30374462	BRCA_LumA
TCGA-AR-A5QP	STAGE IIB	NA	0.1282	27	38.95847717	M0	N1	T2	38.95847717	BRCA_LumA
TCGA-AR-A5QQ	STAGE IIIA	NA	0.0004	66	10.58618536	M0	N1	T3	9.895781964	BRCA_Basal
TCGA-B6-A0I1	STAGE IIA	36.821514285	0.3742	52	77.62106717	M0	N0	T2	36.82151429	BRCA_Basal
TCGA-B6-A0I2	STAGE IA	NA	0.8535	53	143.3737713	M0	N0 (I-)	T1C	143.3737713	BRCA_Basal
TCGA-B6-A0I5	STAGE IIB	281.29006805	0.2451	25	281.2900681	M0	N1B	T2	281.2900681	BRCA_LumA
TCGA-B6-A0I6	STAGE IIA	28.240786402	NA	NA	32.58046487	M0	N1	T1C	28.2407864	NA
TCGA-B6-A0I8	STAGE X	NA	NA	111	24.62438768	M0	NX	T1	24.52575862	NA
TCGA-B6-A0I9	STAGE IV	NA	0.4950	72	11.90123944	M1	NX	T3	11.90123944	BRCA_Her2
TCGA-B6-A0IA	STAGE IIA	275.86546997	0.2386	26	275.86547	M0	N0 (I-)	T2	275.86547	BRCA_LumA
TCGA-B6-A0IB	STAGE IV	NA	0.5461	66	129.5657034	M1	N3	T3	89.32504849	BRCA_LumB
TCGA-B6-A0IC	STAGE X	50.695334846	0.0787	29	50.69533485	MX	NX	T2	50.69533485	BRCA_LumA
TCGA-B6-A0IE	STAGE IIIA	27.418877601	0.3490	29	65.52256962	M0	N1B	T3	27.4188776	BRCA_LumA
TCGA-B6-A0IG	STAGE IIB	NA	0.3174	37	146.4970247	M0	N1B	T2	146.4970247	BRCA_LumA
TCGA-B6-A0IH	STAGE IIIA	112.37137127	0.1988	37	112.3713713	M0	N1B	T3	112.3713713	BRCA_LumA
TCGA-B6-A0IJ	STAGE IIB	233.6193576	0.5979	129	233.6193576	M0	N0 (I-)	T3	233.6193576	BRCA_Basal
TCGA-B6-A0IK	STAGE IIIB	16.076536148	0.3518	115	18.77239702	M0	N1	T4	16.07653615	BRCA_Her2
TCGA-B6-A0IM	STAGE IIB	127.33011145	0.2215	28	127.3301115	M0	N0 (I-)	T3	127.3301115	BRCA_LumA
TCGA-B6-A0IN	STAGE X	46.42140908	0.2325	29	84.5908538	MX	NX	T1C	46.42140908	BRCA_LumB
TCGA-B6-A0IO	STAGE IIA	165.76256699	0.3270	58	165.762567	M0	N0 (I-)	T2	165.762567	BRCA_LumA
TCGA-B6-A0IP	STAGE IA	129.07255811	0.0661	35	129.0725581	M0	N0 (I-)	T1C	129.0725581	BRCA_LumA
TCGA-B6-A0IQ	STAGE IIIA	140.87516849	0.5981	64	140.8751685	M0	N1B	T3	140.8751685	BRCA_Basal
TCGA-B6-A0RE	STAGE X	255.67938981	0.5386	141	255.6793898	M0	N0 (I-)	TX	255.6793898	BRCA_Basal
TCGA-B6-A0RG	STAGE IIB	68.448564947	0.3585	68	68.44856495	M0	N0 (I-)	T3	68.44856495	BRCA_LumA
TCGA-B6-A0RH	STAGE IIA	71.177302167	0.2783	36	212.2497288	M0	N0 (I-)	T2	71.17730217	BRCA_Her2
TCGA-B6-A0RI	STAGE IIIB	36.163987244	0.0928	20	234.2768846	M0	N1B	T4B	36.16398724	BRCA_LumA
TCGA-B6-A0RL	STAGE IIA	81.171713187	0.3215	53	81.17171319	M0	N0 (I-)	T2	81.17171319	BRCA_LumB
TCGA-B6-A0RM	STAGE X	NA	0.0804	28	78.01558339	MX	NX	TX	78.01558339	BRCA_LumA
TCGA-B6-A0RN	STAGE IA	263.27382714	0.0741	25	263.2738271	M0	N0 (I-)	T1C	263.2738271	BRCA_LumA
TCGA-B6-A0RO	STAGE IIIB	162.04753921	0.4705	35	162.0475392	M0	N1A	T4	162.0475392	BRCA_LumA
TCGA-B6-A0RP	STAGE IIIB	91.626393135	0.4882	20	102.7714765	M0	N1B	T2	91.62639314	BRCA_LumA
TCGA-B6-A0RQ	STAGE IIB	140.28339415	0.0134	41	140.2833942	M0	N0 (I-)	T3	140.2833942	BRCA_Normal
TCGA-B6-A0RS	STAGE IIA	67.100634514	0.4276	138	100.7002663	M0	N0 (I-)	T2	67.10063451	BRCA_Her2
TCGA-B6-A0RT	STAGE IIIA	NA	0.0237	56	89.4565539	M0	N1	T3	89.4565539	BRCA_Basal
TCGA-B6-A0RU	STAGE IA	101.12765887	0.3834	46	282.9010093	M0	N0 (I-)	T1C	101.1276589	BRCA_Basal
TCGA-B6-A0RV	STAGE IIIA	169.51047112	0.1644	38	169.5104711	M0	N2	T3	169.5104711	BRCA_LumA
TCGA-B6-A0WS	STAGE X	NA	0.2277	14	97.4783838	MX	NX	T1C	97.4783838	BRCA_LumA
TCGA-B6-A0WT	STAGE IIB	126.96847158	0.1520	15	188.6773844	M0	N1	T2	126.9684716	BRCA_LumA
TCGA-B6-A0WV	STAGE IIB	79.462142881	0.4345	29	79.46214288	M0	N1B	T2	79.46214288	BRCA_LumB
TCGA-B6-A0WW	STAGE X	14.695729362	0.3127	34	18.34500444	MX	N1B	T2	14.69572936	BRCA_LumB
TCGA-B6-A0WX	STAGE IIIA	18.509386199	0.4622	26	21.00798895	M0	N1B	T3	18.5093862	BRCA_Basal
TCGA-B6-A0WY	STAGE IIIA	66.114343952	0.0836	31	113.7850544	M0	N1B	T3	66.11434395	BRCA_LumA
TCGA-B6-A0WZ	STAGE II	206.85800704	0.2496	55	206.858007	M0	N1B	T2	168.2282934	BRCA_LumA
TCGA-B6-A0X0	STAGE I	129.6972088	0.1143	19	129.6972088	M0	N0 (I-)	T1C	129.6972088	BRCA_LumA
TCGA-B6-A0X1	STAGE IIB	16.1094125	0.8331	66	245.0932045	M1	N1	T2	16.1094125	BRCA_Basal
TCGA-B6-A0X4	STAGE IIB	23.539468061	0.0305	18	28.27366275	M0	N1B	T2	23.53946806	BRCA_LumA
TCGA-B6-A0X5	STAGE IIB	44.15294079	0.0827	36	68.94171023	M0	N1B	T2	44.15294079	BRCA_LumB
TCGA-B6-A0X7	STAGE X	NA	0.1698	15	58.55278298	MX	NX	T1C	36.29549265	BRCA_LumA
TCGA-B6-A1KC	STAGE IIB	43.594042805	0.5293	26	43.59404281	M0	N1	T2	43.59404281	BRCA_LumB
TCGA-B6-A1KF	STAGE IIB	101.5221751	0.5575	46	101.5221751	M0	N1	T2	101.5221751	BRCA_Basal
TCGA-B6-A1KI	STAGE I	73.511523161	0.1086	21	73.51152316	M0	N0	T1C	73.51152316	BRCA_LumA
TCGA-B6-A1KN	STAGE IIIB	139.16559819	0.2858	59	139.1655982	M0	N1	T4B	139.1655982	BRCA_LumB
TCGA-B6-A2IU	STAGE IIA	170.16799816	0.2248	38	170.1679982	M0	N0	T2	138.869711	BRCA_LumA
TCGA-B6-A3ZX	STAGE IV	NA	0.0451	NA	37.87355755	M1	N1	T3	32.67909393	NA
TCGA-B6-A400	STAGE IIIA	7.0684156886	0.3384	NA	7.068415689	M0	N2A	T2	7.068415689	NA
TCGA-B6-A401	STAGE IIA	85.347009896	0.3026	19	85.3470099	M0	N1A	T1C	85.3470099	BRCA_LumA
TCGA-B6-A402	STAGE I	49.840549693	0.5552	NA	74.990959	M0	N0 (I-)	T1C	49.84054969	NA
TCGA-B6-A408	STAGE IIIC	68.119801427	0.2495	NA	68.11980143	M0	N3A	T2	68.11980143	NA
TCGA-B6-A409	STAGE IIIA	14.99161653	0.5715	28	18.83814972	M0	N2A	T1C	14.99161653	BRCA_Basal
TCGA-B6-A40B	STAGE I	103.62626163	0.2049	41	103.6262616	M0	N0 (I-)	T1B	103.6262616	BRCA_LumA
TCGA-B6-A40C	STAGE IIB	71.144425815	0.2042	34	71.14442582	M0	N0 (I-)	T3	71.14442582	BRCA_LumA
TCGA-BH-A0AU	STAGE IIA	62.925337805	0.4255	17	62.92533781	M0	N0	T2	62.92533781	BRCA_LumB
TCGA-BH-A0AV	STAGE I	59.834960713	0.6161	58	59.83496071	M0	N0	T1C	59.83496071	BRCA_Basal
TCGA-BH-A0AW	STAGE IIA	20.449090969	0.2907	137	20.44909097	M0	N1A	T1C	20.44909097	BRCA_Her2
TCGA-BH-A0AY	STAGE IIA	25.544925535	0.2207	52	25.54492554	M0	N0 (I-)	T2	25.54492554	BRCA_LumA
TCGA-BH-A0AZ	STAGE IIIA	63.089719565	0.2853	58	63.08971957	CM0 (I+)	N1A	T3	63.08971957	BRCA_LumA
TCGA-BH-A0B0	STAGE I	81.434724003	0.2342	66	81.434724	M0	N0	T1C	81.434724	BRCA_LumA
TCGA-BH-A0B1	STAGE IIB	37.742052142	NA	49	37.74205214	M0	N1A	T2	37.74205214	NA
TCGA-BH-A0B2	STAGE I	NA	0.2464	NA		M0	N0	T1A		NA
TCGA-BH-A0B3	STAGE IIB	39.550251504	0.2146	37	39.5502515	M0	N1A	T2	39.5502515	BRCA_Basal
TCGA-BH-A0B4	STAGE IIIA	39.15573528	0.3681	65	39.15573528	M0	N2	T2	39.15573528	NA
TCGA-BH-A0B5	STAGE IIIA	NA	0.2328	61	70.22388796	M0	N2A	T2	70.22388796	BRCA_LumA
TCGA-BH-A0B7	STAGE IIB	84.13058487	0.1253	37	84.13058487	M0	N1A	T2	84.13058487	BRCA_Her2
TCGA-BH-A0B8	STAGE I	51.582996351	NA	63	51.58299635	M0	N0 (I-)	T1B	51.58299635	NA
TCGA-BH-A0B9	STAGE IA	51.681625407	0.3070	30	51.68162541	M0	N0 (I-)	T1C	51.68162541	BRCA_Basal
TCGA-BH-A0BA	STAGE IIIC	37.216030509	0.8633	37	37.21603051	M0	N3A	T3	37.21603051	BRCA_LumA
TCGA-BH-A0BC	STAGE IIIC	32.021566887	0.1967	29	32.02156689	M0	N3	T2	32.02156689	BRCA_LumA
TCGA-BH-A0BD	STAGE IIA	18.21349903	0.1794	30	18.21349903	M0	N1A	T1C	18.21349903	BRCA_LumB
TCGA-BH-A0BF	STAGE IIB	43.528290101	0.2904	21	43.5282901	M0	N1MI	T2	43.5282901	BRCA_LumB
TCGA-BH-A0BG	STAGE I	61.511654667	0.4262	34	61.51165467	M0	N0	T1	61.51165467	BRCA_Basal
TCGA-BH-A0BJ	STAGE IIB	21.698392346	0.4003	27	21.69839235	M0	N1A	T2	21.69839235	BRCA_LumA
TCGA-BH-A0BL	STAGE I	74.892329947	0.3435	56	74.89232995	M0	N0	T1C	74.89232995	BRCA_Basal
TCGA-BH-A0BM	STAGE IIB	61.676036427	0.0936	26	61.67603643	M0	N1A	T2	61.67603643	BRCA_LumA
TCGA-BH-A0BO	STAGE I	72.229345432	0.0180	27	72.22934543	M0	N0	T1B	72.22934543	BRCA_LumA
TCGA-BH-A0BP	STAGE I	75.484104284	0.6741	138	75.48410428	M0	N0	T1C	75.48410428	BRCA_LumA
TCGA-BH-A0BQ	STAGE I	56.185685636	0.1009	23	74.13617385	M0	N0	T1C	56.18568564	BRCA_LumA
TCGA-BH-A0BR	STAGE I	76.601900253	0.4653	50	76.60190025	M0	N0	T1C	76.60190025	BRCA_LumA
TCGA-BH-A0BS	STAGE IIIA	85.873031528	0.0493	13	85.87303153	M0	N1C	T3	85.87303153	BRCA_LumA
TCGA-BH-A0BT	STAGE IIA	77.752572575	0.3749	37	77.75257258	M0	N1MI	T1C	77.75257258	BRCA_LumA
TCGA-BH-A0BV	STAGE IIB	49.939178749	0.1734	26	49.93917875	M0	N1A	T2	49.93917875	BRCA_LumA
TCGA-BH-A0BW	STAGE I	77.949830687	0.3953	85	77.94983069	M0	N0	T1C	77.94983069	BRCA_Basal
TCGA-BH-A0BZ	STAGE IIIA	74.13617385	0.1500	243	74.13617385	M0	N1A	T3	74.13617385	BRCA_LumB
TCGA-BH-A0C0	STAGE IIA	41.752967091	0.3023	92	41.75296709	M0	N1A	T1C	41.75296709	BRCA_LumB
TCGA-BH-A0C1	STAGE IIIA	36.920143341	0.1678	32	46.38853273	M0	N2A	T3	36.92014334	BRCA_LumA
TCGA-BH-A0C3	STAGE I	87.911365355	0.1667	11	89.06203768	M0	N0	T1C	87.91136536	BRCA_LumB
TCGA-BH-A0C7	STAGE IIB	90.968866095	0.3045	43	90.9688661	M0	N1MI	T2	90.9688661	BRCA_LumB
TCGA-BH-A0DD	STAGE IIB	81.730611171	0.3503	21	81.73061117	M0	N1A	T2	81.73061117	NA
TCGA-BH-A0DE	STAGE IIA	77.982707039	0.1869	30	77.98270704	M0	N0	T2	77.98270704	BRCA_LumA
TCGA-BH-A0DG	STAGE IIA	67.100634514	0.1591	33	67.10063451	M0	N0	T2	67.10063451	BRCA_LumA
TCGA-BH-A0DH	STAGE IIB	38.005062958	0.2305	39	38.00506296	M0	N1A	T2	38.00506296	BRCA_LumA
TCGA-BH-A0DI	STAGE IIB	29.98323306	0.2622	40	29.98323306	M0	N1A	T2	29.98323306	BRCA_LumA
TCGA-BH-A0DK	STAGE IIA	13.906696913	0.2171	86	13.90669691	M0	N0 (I-)	T2	13.90669691	BRCA_LumA
TCGA-BH-A0DL	STAGE IIA	78.278594207	0.2605	52	78.27859421	M0	N0	T2	78.27859421	BRCA_Basal
TCGA-BH-A0DO	STAGE I	54.048722754	0.1608	21	54.04872275	M0	N0	T1C	54.04872275	BRCA_LumA
TCGA-BH-A0DP	STAGE IIB	15.649143571	0.2568	27	15.64914357	M0	N0 (I-)	T3	15.64914357	BRCA_LumA
TCGA-BH-A0DQ	STAGE IIB	3.2218824999	0.2833	31	3.2218825	M0	N1	T2	3.2218825	BRCA_LumA
TCGA-BH-A0DS	STAGE IIIA	2.5643554591	0.3395	35	2.564355459	M0	N2A	T2	2.564355459	BRCA_LumA
TCGA-BH-A0DT	STAGE IIA	79.001873952	0.1927	16	79.00187395	M0	N1A	T1C	79.00187395	BRCA_LumA
TCGA-BH-A0DV	STAGE IIIA	67.856790611	0.0082	17	67.85679061	M0	N2A	T2	67.85679061	BRCA_LumA
TCGA-BH-A0DX	STAGE I	70.881414998	0.1997	59	70.881415	M0	N0	T1B	70.881415	BRCA_LumA
TCGA-BH-A0DZ	STAGE IIB	16.27379426	0.2130	221	16.27379426	M0	N1A	T2	16.27379426	BRCA_LumA
TCGA-BH-A0E0	STAGE IIIC	4.4054311734	0.6731	31	4.405431173	M0	N3A	T3	4.405431173	BRCA_Basal
TCGA-BH-A0E1	STAGE IIB	15.682019923	0.0595	22	15.68201992	M0	N1	T2	15.68201992	BRCA_LumA
TCGA-BH-A0E2	STAGE IIIA	14.301213137	0.2837	43	14.30121314	M0	N2A	T2	14.30121314	BRCA_LumA
TCGA-BH-A0E6	STAGE IA	9.6327711477	0.6170	68	9.632771148	M0	N0 (I-)	T1C	9.632771148	BRCA_Basal
TCGA-BH-A0E7	STAGE IIB	44.81046783	0.0790	40	44.81046783	M0	N1A	T2	44.81046783	BRCA_LumA
TCGA-BH-A0E9	STAGE IIB	81.829240228	0.2195	33	81.82924023	M0	N1A	T2	81.82924023	BRCA_LumA
TCGA-BH-A0EA	STAGE IIA	32.580464872	0.0603	25	32.58046487	M0	N1A	T1C	32.58046487	BRCA_LumA
TCGA-BH-A0EB	STAGE IA	24.49288227	0.1316	46	24.49288227	M0	N0 (I-)	T1C	24.49288227	BRCA_LumA
TCGA-BH-A0EE	STAGE IIB	31.002399974	0.4417	124	31.00239997	M0	N0 (I-)	T3	31.00239997	BRCA_Her2
TCGA-BH-A0EI	STAGE IIA	63.319854029	0.1622	16	63.31985403	M0	N1A	T1C	63.31985403	BRCA_LumA
TCGA-BH-A0GY	STAGE IIA	30.344872933	0.2656	34	30.34487293	M0	N1	T2	30.34487293	BRCA_LumA
TCGA-BH-A0GZ	STAGE IIA	10.783443469	0.2724	34	10.78344347	M0	N1A	T1C	10.78344347	BRCA_LumA
TCGA-BH-A0H0	STAGE IA	15.15599829	0.2534	18	15.15599829	M0	N0 (I-)	T1C	15.15599829	BRCA_LumB
TCGA-BH-A0H3	STAGE I	63.385606733	0.0606	13	63.38560673	M0	N0	T1C	63.38560673	BRCA_LumA
TCGA-BH-A0H5	STAGE I	53.259690305	0.0000	115	53.25969031	M0	N0 (I-)	T1C	53.25969031	BRCA_LumA
TCGA-BH-A0H6	STAGE I	24.558634974	0.0982	17	24.55863497	M0	NX	T1B	24.55863497	BRCA_LumA
TCGA-BH-A0H7	STAGE IIIA	23.079199132	0.4407	53	23.07919913	M0	N2A	T1C	23.07919913	BRCA_LumA
TCGA-BH-A0H9	STAGE IIA	40.996810994	0.3068	33	40.99681099	M0	N0 (I-)	T2	40.99681099	BRCA_LumA
TCGA-BH-A0HA	STAGE I	52.963803136	0.0838	331	52.96380314	M0	N0 (I-)	T1C	52.96380314	BRCA_LumA
TCGA-BH-A0HB	STAGE IA	26.498339744	0.2922	30	26.49833974	M0	N0 (I-)	T1C	26.49833974	BRCA_LumA
TCGA-BH-A0HF	STAGE IA	23.901107933	NA	832	23.90110793	M0	N0 (I-)	T1C	23.90110793	NA
TCGA-BH-A0HI	STAGE IA	20.383338265	0.0729	30	20.38333827	M0	N0 (I-)	T1C	20.38333827	BRCA_LumA
TCGA-BH-A0HK	STAGE IIB	5.8519906631	0.0924	88	5.851990663	M0	N1	T2	5.851990663	BRCA_LumA
TCGA-BH-A0HL	STAGE IIB	2.3670973469	NA	33	2.367097347	M0	N1A	T2	2.367097347	NA
TCGA-BH-A0HN	STAGE IA	16.964197653	NA	25	16.96419765	M0	N0 (I-)	T1C	16.96419765	NA
TCGA-BH-A0HO	STAGE IIA	2.498602755	0.0493	14	2.498602755	M0	N1A	T1C	2.498602755	BRCA_LumA
TCGA-BH-A0HP	STAGE IIIA	13.610809745	0.1767	240	13.61080975	M0	N2A	T3	13.61080975	BRCA_LumA
TCGA-BH-A0HQ	STAGE IIA	36.854390637	0.1281	27	36.85439064	M0	N0 (I+)	T2	36.85439064	BRCA_LumA
TCGA-BH-A0HU	STAGE IA	12.88753	0.3924	32	12.88753	M0	N0 (I-)	T1C	12.88753	BRCA_LumB
TCGA-BH-A0HW	STAGE IA	51.319985534	0.2300	34	51.31998553	M0	N0 (I-)	T1C	51.31998553	BRCA_LumB
TCGA-BH-A0HX	STAGE IIB	27.254495841	0.5678	57	27.25449584	M0	N1A	T2	27.25449584	BRCA_LumA
TCGA-BH-A0HY	STAGE I	50.793963902	0.6304	53	50.7939639	M0	N0	T1C	50.7939639	BRCA_LumB
TCGA-BH-A0RX	STAGE IIA	5.5889798468	0.0950	38	5.588979847	M0	N0 (I-)	T2	5.588979847	BRCA_Basal
TCGA-BH-A0W3	STAGE IIA	NA	0.1333	14	23.93398429	M0	N1A	T1C	23.93398429	BRCA_LumB
TCGA-BH-A0W4	STAGE IIA	NA	0.0207	33	24.9531512	M0	N0 (I-)	T2	24.9531512	BRCA_LumA
TCGA-BH-A0W5	STAGE IIA	42.344741427	0.0719	26	42.34474143	M0	N1A	T1C	42.34474143	BRCA_LumA
TCGA-BH-A0W7	STAGE I	44.81046783	0.3048	166	44.81046783	M0	N0 (I-)	T1C	44.81046783	BRCA_LumA
TCGA-BH-A0WA	STAGE I	23.04632278	0.6060	90	23.04632278	M0	N0 (I-)	T1C	23.04632278	BRCA_Basal
TCGA-BH-A18F	STAGE IIA	32.909228392	0.2284	47	32.90922839	M0	N0	T2	32.90922839	BRCA_LumA
TCGA-BH-A18G	STAGE IA	4.898576454	0.0710	1249	4.898576454	M0	N0	T1C	4.898576454	BRCA_Basal
TCGA-BH-A18H	STAGE IA	21.43538153	0.2630	41	21.43538153	M0	N0	T1B	21.43538153	BRCA_LumA
TCGA-BH-A18I	STAGE IIA	35.93385278	0.1460	25	35.93385278	CM0 (I+)	N1A	T1C	35.93385278	BRCA_LumA
TCGA-BH-A18J	STAGE IV	NA	0.2358	72	20.12032745	M1	N2	T4B	20.12032745	BRCA_LumA
TCGA-BH-A18K	STAGE I	NA	0.4274	51	90.83736069	M0	N0	T1	90.83736069	BRCA_LumA
TCGA-BH-A18L	STAGE IIIA	26.662721504	0.5814	45	26.6627215	M0	N1MI	T3	26.6627215	BRCA_LumB
TCGA-BH-A18M	STAGE IIIA	72.558108952	0.1771	17	72.55810895	M0	N1	T3	72.55810895	BRCA_LumA
TCGA-BH-A18N	STAGE IIA	37.742052142	0.1399	31	37.74205214	M0	N1B	T2	37.74205214	BRCA_LumA
TCGA-BH-A18P	STAGE I	NA	0.1673	275	30.27912023	M0	N0	T1	30.27912023	BRCA_Her2
TCGA-BH-A18Q	STAGE IIB	55.626787652	0.7399	74	55.62678765	M0	N1B	T2	55.62678765	BRCA_Basal
TCGA-BH-A18R	STAGE IIA	37.54479403	0.2866	28	37.54479403	M0	N1	T2B	37.54479403	BRCA_Her2
TCGA-BH-A18S	STAGE I	66.048591248	0.1516	26	66.04859125	M0	N0	T1C	66.04859125	BRCA_LumA
TCGA-BH-A18T	STAGE IIA	NA	0.6652	71	7.364302857	M0	N0	T2	7.364302857	BRCA_Basal
TCGA-BH-A18U	STAGE IIIA	51.385738238	0.6182	124	51.38573824	M0	N2A	T2	51.38573824	BRCA_LumB
TCGA-BH-A18V	STAGE IIB	51.155603774	0.7015	177	51.15560377	M0	N1B	T2	51.15560377	BRCA_Basal
TCGA-BH-A1EN	STAGE IIA	69.928000789	0.6267	64	69.92800079	M0	NX	T2	69.92800079	BRCA_Her2
TCGA-BH-A1EO	STAGE IIA	NA	0.2619	41	91.98803301	M0	N1	T1C	91.98803301	BRCA_LumA
TCGA-BH-A1ES	STAGE IIB	NA	0.2309	NA	113.8179308	M0	N1A	T2	113.8179308	NA
TCGA-BH-A1ET	STAGE I	NA	0.0892	25	82.84840714	M0	N0	T1	82.84840714	BRCA_LumA
TCGA-BH-A1EU	STAGE I	NA	0.1179	26	42.27898872	M0	N0	T1	42.27898872	BRCA_LumA
TCGA-BH-A1EV	STAGE IIIA	NA	0.4189	85	11.9998685	M0	N1B	T3	11.9998685	BRCA_Her2
TCGA-BH-A1EW	STAGE IIA	NA	0.3453	14	55.69254036	M0	N1B	T2	55.69254036	BRCA_LumA
TCGA-BH-A1EX	STAGE IIB	NA	0.2258	24	49.57753888	M0	N1B	T2	49.57753888	BRCA_LumA
TCGA-BH-A1EY	STAGE IIA	NA	0.3632	38	17.6874774	M0	N0	T2	13.01903541	BRCA_LumA
TCGA-BH-A1F0	STAGE IIA	NA	0.0288	59	25.80793635	M0	N1C	T1A	25.80793635	BRCA_Basal
TCGA-BH-A1F2	STAGE IIIB	NA	0.4715	50	31.52842161	M0	N1B	T4B	31.52842161	BRCA_LumB
TCGA-BH-A1F5	STAGE IIA	NA	0.1457	31	89.16066673	M0	N1A	T1C	89.16066673	NA
TCGA-BH-A1F6	NA	NA	0.5787	33	97.4783838	MX	N2A	T4D	97.4783838	BRCA_Basal
TCGA-BH-A1F8	STAGE IIIB	NA	0.9971	129	25.08465661	M0	N2	T4B	25.08465661	BRCA_LumB
TCGA-BH-A1FB	STAGE IIB	NA	0.0542	NA	120.6233356	M0	N1B	T2	120.6233356	NA
TCGA-BH-A1FC	STAGE IIA	NA	0.4675	102	114.1466943	M0	N1B	T1C	114.1466943	BRCA_Basal
TCGA-BH-A1FD	STAGE I	NA	0.4385	28	33.17223921	M0	N0	T1C	33.17223921	BRCA_LumB
TCGA-BH-A1FE	STAGE IIB	NA	0.1298	19	74.72794819	M0	N1	T2	74.72794819	BRCA_LumA
TCGA-BH-A1FG	STAGE I	NA	0.1163	18	122.8260512	M0	NX	T1C	122.8260512	BRCA_LumA
TCGA-BH-A1FH	STAGE IV	NA	0.0222	25	33.99414801	M1	N1B	T2	33.99414801	BRCA_LumA
TCGA-BH-A1FJ	STAGE IIIA	NA	0.1001	25	63.35273038	M0	N1B	T3	63.35273038	BRCA_LumB
TCGA-BH-A1FL	STAGE IIB	NA	0.0908	18	55.00213696	M0	N1B	T2	55.00213696	BRCA_LumA
TCGA-BH-A1FM	STAGE IIIA	NA	0.5273	50	45.63237663	M0	N2	T2	45.63237663	BRCA_LumB
TCGA-BH-A1FN	STAGE IIA	NA	0.5352	98	72.06496367	M0	N0	T2	72.06496367	BRCA_LumB
TCGA-BH-A1FR	STAGE IIIB	NA	0.0005	14	53.98297005	M0	N1A	T4B	53.98297005	BRCA_LumA
TCGA-BH-A1FU	STAGE IA	NA	0.0641	82	55.49528224	M0	N0	T1C	55.49528224	BRCA_Normal
TCGA-BH-A201	STAGE IA	NA	0.1268	21	28.14215735	M0	N0	T1	28.14215735	BRCA_LumA
TCGA-BH-A202	STAGE II	NA	0.2689	26	26.13669987	M0	N0	T2	26.13669987	BRCA_LumB
TCGA-BH-A203	STAGE IIB	NA	0.3623	61	38.5968373	M0	N1B	T2	38.5968373	BRCA_Her2
TCGA-BH-A204	STAGE IIB	NA	0.2346	36	83.30867607	M0	N1B	T2	83.30867607	BRCA_LumB
TCGA-BH-A208	STAGE IIB	NA	0.1644	59	57.82950324	M0	N1B	T2	57.82950324	BRCA_Normal
TCGA-BH-A209	STAGE I	NA	0.3066	87	130.1574777	M0	N0	T1C	130.1574777	BRCA_LumB
TCGA-BH-A28O	STAGE IIIC	36.821514285	0.0003	NA	36.82151429	M0	N3	T3A	36.82151429	NA
TCGA-BH-A28Q	STAGE IIB	NA	0.1605	19	36.78863793	M0	N1A	T2	36.78863793	BRCA_LumA
TCGA-BH-A2L8	STAGE IIA	20.120327448	0.0149	423	20.12032745	M0	N0 (I-)	T2	20.12032745	BRCA_LumA
TCGA-BH-A42T	STAGE IIA	10.520432653	0.4010	NA	10.52043265	M0	N0 (I+)	T2	10.52043265	NA
TCGA-BH-A42U	STAGE IIA	110.59604826	0.0000	18	110.5960483	M0	N0	T2	110.5960483	BRCA_Normal
TCGA-BH-A42V	STAGE IB	20.876483545	0.0894	40	20.87648355	M0	N1MI	T1C	20.87648355	BRCA_LumA
TCGA-BH-A5IZ	STAGE IIB	18.640891607	0.7932	61	18.64089161	CM0 (I+)	N1A	T2	18.64089161	BRCA_Basal
TCGA-BH-A5J0	STAGE IA	23.506591709	0.4572	60	23.50659171	M0	N0	T1C	23.50659171	BRCA_LumA
TCGA-BH-A6R8	STAGE IIA	9.6327711477	0.3293	28	9.632771148	M0	N0	T2	9.632771148	BRCA_LumA
TCGA-BH-A6R9	STAGE IIA	5.2602163264	0.0002	14	5.260216326	M0	N0	T2	5.260216326	BRCA_Normal
TCGA-BH-A8FY	STAGE IA	9.6985238518	0.1798	39	9.698523852	M0	N0 (I+)	T1C	9.698523852	BRCA_LumA
TCGA-BH-A8FZ	STAGE IA	18.871026071	0.1891	56	18.87102607	M0	N0	T1B	18.87102607	BRCA_Normal
TCGA-BH-A8G0	STAGE IIB	21.76414505	0.0007	12	21.76414505	M0	N1A	T2	21.76414505	BRCA_LumA
TCGA-BH-AB28	STAGE IIIA	9.4355130355	0.1393	27	9.435513036	M0	N1A	T3	9.435513036	BRCA_LumA
TCGA-C8-A12K	STAGE IIB	0	0.4856	123	0	M0	N1	T2	0	BRCA_Basal
TCGA-C8-A12L	STAGE IIA	11.934115791	0.6096	72	11.93411579	M0	N0 (I-)	T2	11.93411579	BRCA_Her2
TCGA-C8-A12M	STAGE IIA	11.76973403	0.4491	54	11.76973403	M0	N0 (I-)	T2	11.76973403	BRCA_LumB
TCGA-C8-A12N	STAGE IIA	11.76973403	0.0757	19	11.76973403	M0	N0 (I-)	T2	11.76973403	BRCA_LumA
TCGA-C8-A12O	STAGE IIA	12.657395535	0.3342	36	12.65739554	M0	N0 (I-)	T2	12.65739554	BRCA_LumA
TCGA-C8-A12P	STAGE IIB	11.76973403	0.3385	141	11.76973403	M0	N1	T2	11.76973403	BRCA_Her2
TCGA-C8-A12Q	STAGE IIIA	NA	0.4088	97	12.65739554	M0	N2	T1	12.65739554	BRCA_Her2
TCGA-C8-A12T	STAGE IIA	0	0.2311	153	0	M0	N0	T2	0	BRCA_Her2
TCGA-C8-A12U	STAGE IIB	12.657395535	0.5344	41	12.65739554	M0	N1	T2	12.65739554	BRCA_LumB
TCGA-C8-A12V	STAGE IIA	NA	0.0027	42	12.65739554	M0	N0	T2	12.65739554	BRCA_Basal
TCGA-C8-A12W	STAGE IIIB	12.657395535	0.3504	53	12.65739554	M0	N1	T4	12.65739554	BRCA_LumB
TCGA-C8-A12X	STAGE IIB	12.657395535	0.2971	46	12.65739554	M0	N1	T2	12.65739554	BRCA_LumA
TCGA-C8-A12Y	STAGE IIB	48.525495611	0.2329	34	48.52549561	M0	N1	T2	48.52549561	BRCA_LumA
TCGA-C8-A12Z	STAGE IIB	12.558766479	0.2697	43	12.55876648	M0	N1	T2	12.55876648	BRCA_Her2
TCGA-C8-A130	STAGE IIIA	12.164250255	0.5081	35	12.16425026	M0	N2	T3	12.16425026	BRCA_LumB
TCGA-C8-A131	STAGE IIIA	13.512180688	0.2303	56	13.51218069	M0	N2	T2	13.51218069	BRCA_Basal
TCGA-C8-A132	STAGE IIB	12.591642831	0.1483	63	12.59164283	M0	N1	T2	12.59164283	BRCA_LumA
TCGA-C8-A133	STAGE IIIA	0	0.0053	24	0	M0	N1	T3	0	BRCA_LumA
TCGA-C8-A134	STAGE IIA	12.591642831	0.4432	84	12.59164283	M0	N0	T2	12.59164283	BRCA_Basal
TCGA-C8-A135	STAGE IIB	12.920406352	0.2977	56	12.92040635	M0	N1	T2	12.92040635	BRCA_Her2
TCGA-C8-A137	STAGE IIB	4.4711838774	0.2233	43	12.46013742	M0	N1	T2	4.471183877	BRCA_Her2
TCGA-C8-A138	STAGE IIIA	12.493013775	0.3556	42	12.49301378	M0	N2	T2	12.49301378	BRCA_Her2
TCGA-C8-A1HE	STAGE IIA	12.328632015	0.1178	36	12.32863202	M0	N0	T2	12.32863202	BRCA_LumA
TCGA-C8-A1HF	STAGE IIA	10.914948877	0.2475	27	10.91494888	M0	N0	T2	10.91494888	BRCA_Her2
TCGA-C8-A1HG	STAGE IIA	11.342341454	0.3587	41	11.34234145	M0	N0	T2	11.34234145	BRCA_LumB
TCGA-C8-A1HI	STAGE IIIA	11.27658875	0.2579	46	11.27658875	M0	N2	T2	11.27658875	BRCA_LumA
TCGA-C8-A1HJ	STAGE IIA	0.1643817602	0.5135	96	0.16438176	M0	N0	T2	0.16438176	BRCA_Basal
TCGA-C8-A1HK	STAGE IIB	12.032744847	0.5180	52	12.03274485	M0	N1	T2	12.03274485	BRCA_Her2
TCGA-C8-A1HL	STAGE IIIA	10.421803597	0.2376	26	10.4218036	M0	N1	T3	10.4218036	BRCA_LumB
TCGA-C8-A1HM	STAGE IIA	12.328632015	0.5116	314	12.32863202	M0	N0	T2	12.32863202	BRCA_LumB
TCGA-C8-A1HN	STAGE IIA	12.953282704	0.4360	45	12.9532827	M0	N0	T2	12.9532827	BRCA_LumB
TCGA-C8-A1HO	STAGE IIIC	12.328632015	0.3198	28	12.32863202	M0	N3	T3	12.32863202	BRCA_LumA
TCGA-C8-A26V	STAGE IIIA	20.251832857	0.1835	65	20.25183286	M0	N2	T3	20.25183286	BRCA_LumB
TCGA-C8-A26W	STAGE IIB	12.525890127	0.3238	48	12.52589013	M0	N1	T2	12.52589013	BRCA_LumB
TCGA-C8-A26X	STAGE IIA	12.361508367	0.3564	69	12.36150837	M0	N1	T1	12.36150837	BRCA_Her2
TCGA-C8-A26Y	STAGE IIA	12.953282704	0.5880	635	12.9532827	M0	N0	T2	12.9532827	BRCA_Her2
TCGA-C8-A26Z	STAGE IIA	15.451885459	0.5299	42	15.45188546	M0	N0	T2	15.45188546	BRCA_LumA
TCGA-C8-A273	STAGE IIB	16.865568597	0.2254	16	16.8655686	M0	N1	T2	16.8655686	BRCA_LumA
TCGA-C8-A274	STAGE IIA	16.701186836	0.4187	188	16.70118684	M0	N0	T2	16.70118684	BRCA_LumB
TCGA-C8-A275	STAGE IIA	0.032876352	0.2019	104	0.032876352	M0	N1	T1	0.032876352	BRCA_Her2
TCGA-C8-A278	STAGE IIIA	9.7642765559	0.1661	42	9.764276556	M0	N2	T2	9.764276556	BRCA_Her2
TCGA-C8-A27A	STAGE IIB	24.558634974	0.3008	24	24.55863497	M0	N1	T2	24.55863497	BRCA_LumB
TCGA-C8-A27B	STAGE IIB	14.432718546	0.7389	124	14.43271855	M0	N0	T3	14.43271855	BRCA_Basal
TCGA-C8-A3M7	STAGE IIIB	33.994148009	0.1781	127	33.99414801	M0	N0	T4B	33.99414801	BRCA_LumA
TCGA-C8-A3M8	STAGE IA	12.953282704	0.2516	44	12.9532827	M0	N0	T1C	12.9532827	BRCA_LumB
TCGA-C8-A8HP	STAGE IIIA	13.019035408	0.0419	145	13.01903541	M0	N2	T2	13.01903541	BRCA_Her2
TCGA-C8-A8HQ	STAGE IIB	12.493013775	0.2302	216	12.49301378	M0	N1	T2	12.49301378	BRCA_LumB
TCGA-C8-A8HR	STAGE IIIA	13.413551632	0.0120	40	13.41355163	M0	N2	T3	13.41355163	BRCA_Normal
TCGA-C8-A9FZ	STAGE IIB	19.462800408	0.6245	22	19.46280041	M0	N1	T2	19.46280041	NA
TCGA-D8-A13Y	STAGE IA	56.810336325	0.9470	67	56.81033633	M0	N0	T1C	56.81033633	BRCA_LumB
TCGA-D8-A13Z	NA	20.876483545	0.4986	83	20.87648355	M0	N2A	T2	20.87648355	BRCA_Her2
TCGA-D8-A140	STAGE IIB	13.249169872	0.2323	96	13.24916987	M0	N1A	T2	13.24916987	BRCA_LumA
TCGA-D8-A141	NA	20.580596377	0.0490	19	20.58059638	M0	N1	T1C	20.58059638	BRCA_LumA
TCGA-D8-A142	STAGE IIB	13.972449617	0.5222	113	13.97244962	M0	N0	T3	13.97244962	BRCA_Basal
TCGA-D8-A143	STAGE IIA	14.169707729	0.5356	50	14.16970773	M0	N0	T2	14.16970773	BRCA_Basal
TCGA-D8-A145	STAGE IIA	13.479304336	0.0845	42	13.47930434	M0	N1A	T1C	13.47930434	BRCA_LumA
TCGA-D8-A147	NA	19.199789591	0.5742	147	19.19978959	M0	N0	T2	19.19978959	BRCA_Basal
TCGA-D8-A1J8	STAGE IIB	14.169707729	0.8977	689	14.16970773	M0	N1A	T2	14.16970773	BRCA_LumB
TCGA-D8-A1J9	STAGE IA	17.490219285	0.3573	178	17.49021929	M0	N0	T1C	17.49021929	BRCA_LumB
TCGA-D8-A1JA	NA	14.169707729	0.2448	788	16.50392872	M0	NX	T4B	14.16970773	BRCA_Her2
TCGA-D8-A1JB	STAGE IIB	55.495282243	0.0338	39	55.49528224	M0	N1A	T2	55.49528224	BRCA_LumA
TCGA-D8-A1JC	STAGE IIIA	15.780648979	0.3667	76	15.78064898	M0	N2A	T2	15.78064898	BRCA_LumB
TCGA-D8-A1JD	STAGE IIB	18.147746326	0.4688	100	18.14774633	M0	N1A	T2	18.14774633	BRCA_LumB
TCGA-D8-A1JE	STAGE IIA	18.903902423	0.6207	28	18.90390242	M0	N1A	T1C	18.90390242	BRCA_LumB
TCGA-D8-A1JF	STAGE IIIA	12.032744847	0.4140	41	12.03274485	M0	N2A	T1C	12.03274485	BRCA_Her2
TCGA-D8-A1JG	STAGE IIA	52.996679488	0.2687	133	52.99667949	M0	N0	T2	52.99667949	BRCA_Her2
TCGA-D8-A1JH	STAGE IA	14.005325969	0.0001	20	14.00532597	M0	N0	T1C	14.00532597	BRCA_LumA
TCGA-D8-A1JI	STAGE IIA	18.969655127	0.3900	25	18.96965513	MX	N1A	T1C	18.96965513	BRCA_LumB
TCGA-D8-A1JJ	STAGE IIA	20.087451096	0.4374	65	20.0874511	M0	N0	T2	20.0874511	BRCA_LumB
TCGA-D8-A1JK	STAGE IIA	20.120327448	0.4906	192	20.12032745	M0	N0	T2	20.12032745	BRCA_Basal
TCGA-D8-A1JL	STAGE IIA	20.087451096	0.3656	88	20.0874511	M0	N0	T2	20.0874511	BRCA_Basal
TCGA-D8-A1JM	STAGE IIB	19.397047704	0.6736	39	19.3970477	M0	N1A	T2	19.3970477	BRCA_Basal
TCGA-D8-A1JN	STAGE IIIC	20.383338265	0.1263	124	20.38333827	MX	N3A	T3	20.38333827	BRCA_LumA
TCGA-D8-A1JP	STAGE IA	21.007988954	0.4267	98	21.00798895	M0	N0	T1C	21.00798895	BRCA_LumA
TCGA-D8-A1JS	STAGE IA	12.197126607	0.0619	19	12.19712661	M0	N0	T1C	12.19712661	BRCA_LumA
TCGA-D8-A1JT	STAGE IIA	13.314922576	0.4147	27	13.31492258	M0	N0	T2	13.31492258	BRCA_LumB
TCGA-D8-A1JU	STAGE IA	14.695729362	0.1035	13	14.69572936	M0	N0	T1C	14.69572936	BRCA_LumA
TCGA-D8-A1X5	STAGE IIIC	18.575138903	0.6310	47	18.5751389	MX	N3A	T2	18.5751389	BRCA_LumB
TCGA-D8-A1X6	STAGE IIIA	17.786106454	0.3619	37	17.78610645	MX	N2A	T3	17.78610645	BRCA_LumB
TCGA-D8-A1X7	STAGE IIA	16.734063188	0.0853	20	16.73406319	MX	N0	T2	16.73406319	BRCA_LumB
TCGA-D8-A1X8	STAGE IIIA	25.742183647	0.1153	22	25.74218365	M0	N2A	T1C	25.74218365	BRCA_LumA
TCGA-D8-A1X9	STAGE IIB	NA	0.2815	83	23.90110793	M0	N1A	T2	23.90110793	BRCA_LumA
TCGA-D8-A1XA	STAGE IA	27.583259362	0.8612	24	27.58325936	M0	N0	T1C	27.58325936	BRCA_LumA
TCGA-D8-A1XB	STAGE IIB	18.147746326	0.2170	35	18.14774633	M0	N1A	T2	18.14774633	BRCA_LumA
TCGA-D8-A1XC	STAGE IIIB	NA	0.0566	25	12.39438472	M0	N1A	T4B	12.39438472	BRCA_LumA
TCGA-D8-A1XD	STAGE IIIA	17.161455765	0.1480	NA	17.16145577	M0	N2A	T1C	17.16145577	NA
TCGA-D8-A1XF	STAGE IIA	NA	0.6723	29	15.221751	M0	N0	T2	15.221751	BRCA_LumB
TCGA-D8-A1XG	STAGE IIIB	14.728605714	0.1533	21	14.72860571	M0	N1A	T4B	14.72860571	BRCA_LumA
TCGA-D8-A1XJ	STAGE IIIA	21.829897755	0.3525	81	21.82989776	MX	N1A	T3	21.82989776	BRCA_Her2
TCGA-D8-A1XK	STAGE IIB	14.49847125	0.6388	969	14.49847125	MX	N1A	T2	14.49847125	BRCA_Basal
TCGA-D8-A1XL	STAGE IIB	19.923069336	0.5466	92	19.92306934	MX	N1A	T2	19.92306934	BRCA_LumB
TCGA-D8-A1XM	STAGE IA	17.687477398	0.1667	44	17.6874774	M0	N0	T1C	17.6874774	BRCA_LumA
TCGA-D8-A1XO	STAGE IIB	55.298024131	0.2323	14	55.29802413	M0	N1A	T2	55.29802413	BRCA_LumA
TCGA-D8-A1XQ	STAGE IIA	16.405299668	0.3387	794	16.40529967	M0	N0	T2	16.40529967	BRCA_Basal
TCGA-D8-A1XR	STAGE IIB	15.846401683	0.2173	27	15.84640168	M0	N1A	T2	15.84640168	BRCA_LumB
TCGA-D8-A1XS	STAGE IIIC	16.306670612	0.2212	22	16.30667061	M0	N3A	T2	16.30667061	NA
TCGA-D8-A1XT	STAGE IIA	16.635434132	0.3942	35	16.63543413	M0	N1A	T1C	16.63543413	BRCA_Her2
TCGA-D8-A1XU	STAGE IA	12.986159056	0.9465	22	12.98615906	M0	N0	T1C	12.98615906	BRCA_LumA
TCGA-D8-A1XV	STAGE IIA	15.15599829	0.0342	26	15.15599829	M0	N0	T2	15.15599829	BRCA_LumA
TCGA-D8-A1XW	STAGE IIA	43.03514482	0.3797	84	43.03514482	M0	N0	T2	43.03514482	BRCA_Normal
TCGA-D8-A1XY	STAGE IIA	NA	0.3139	43	16.53680508	MX	N0	T2	16.53680508	BRCA_LumA
TCGA-D8-A1XZ	STAGE IIIA	15.320380051	0.3560	72	15.32038005	MX	N2A	T1C	15.32038005	BRCA_LumB
TCGA-D8-A1Y0	STAGE IIIA	NA	0.3854	55	15.51763816	MX	N2A	T1C	15.51763816	BRCA_LumA
TCGA-D8-A1Y1	STAGE IIIA	NA	0.5329	203	9.928658316	MX	N1A	T3	9.928658316	BRCA_LumB
TCGA-D8-A1Y2	STAGE IIA	14.235460433	0.3094	18	14.23546043	MX	N0	T2	14.23546043	BRCA_LumB
TCGA-D8-A1Y3	STAGE IIIA	14.136831377	0.6120	49	14.13683138	MX	N2A	T2	14.13683138	BRCA_LumB
TCGA-D8-A27E	STAGE IA	17.424466581	0.0001	10	17.42446658	M0	N0	T1C	17.42446658	BRCA_LumA
TCGA-D8-A27F	STAGE IIA	16.043659796	0.6698	61	16.0436598	M0	N0	T2	16.0436598	BRCA_Basal
TCGA-D8-A27G	STAGE IIA	13.446427984	0.1084	813	13.44642798	M0	N0	T2	13.44642798	BRCA_LumA
TCGA-D8-A27H	STAGE IIA	13.05191176	0.4824	121	13.05191176	M0	N0	T2	13.05191176	BRCA_Basal
TCGA-D8-A27I	STAGE IIIA	14.432718546	0.0458	29	14.43271855	M0	N2A	T1C	14.43271855	BRCA_LumA
TCGA-D8-A27K	STAGE IIB	48.03235033	0.1153	21	48.03235033	M0	N1A	T2	48.03235033	BRCA_LumA
TCGA-D8-A27L	STAGE IIIA	16.405299668	0.1113	39	16.40529967	M0	N2A	T1C	16.40529967	BRCA_LumA
TCGA-D8-A27M	STAGE IA	13.479304336	0.2982	70	13.47930434	M0	N0	T1C	13.47930434	BRCA_Basal
TCGA-D8-A27N	STAGE IIIA	17.062826709	0.2527	41	17.06282671	M0	N2A	T2	17.06282671	BRCA_LumB
TCGA-D8-A27P	STAGE IA	1.61094125	0.0485	23	1.61094125	M0	N0	T1C	1.61094125	BRCA_LumA
TCGA-D8-A27R	STAGE IIIC	10.093040076	0.3549	34	10.09304008	M0	N3A	T2	10.09304008	BRCA_LumB
TCGA-D8-A27T	STAGE IIIC	13.084788112	0.1924	21	13.08478811	M0	N3A	T2	13.08478811	BRCA_LumA
TCGA-D8-A27V	STAGE IIA	12.525890127	0.3774	3081	12.52589013	M0	N0	T2	12.52589013	BRCA_LumA
TCGA-D8-A27W	STAGE IIIB	12.262879311	0.4452	43	12.26287931	M0	N0	T4B	12.26287931	BRCA_LumB
TCGA-D8-A3Z5	STAGE IIIC	33.369497321	0.1265	NA	33.36949732	M0	N3A	T2	33.36949732	NA
TCGA-D8-A3Z6	STAGE IIIC	18.509386199	0.2634	25	18.5093862	M0	N3A	T3	18.5093862	BRCA_LumA
TCGA-D8-A4Z1	STAGE IA	21.665515994	0.0031	29	21.66551599	M0	N0	T1C	21.66551599	BRCA_LumA
TCGA-D8-A73U	STAGE IIA	16.175165204	0.0535	123	16.1751652	M0	N0	T2	16.1751652	BRCA_LumA
TCGA-D8-A73W	STAGE IIIA	0.6904033928	0.1276	38	12.65739554	MX	N1A	T3	0.690403393	BRCA_LumA
TCGA-D8-A73X	STAGE IIA	25.216162015	0.0989	31	25.21616202	M0	N0	T2	25.21616202	BRCA_LumA
TCGA-E2-A105	STAGE IIA	43.002268468	0.1353	54	43.00226847	M0	N0 (I-)	T2	43.00226847	BRCA_LumA
TCGA-E2-A107	STAGE IIIA	34.421540586	0.3303	27	34.42154059	M0	N2A	T3	34.42154059	BRCA_LumA
TCGA-E2-A108	STAGE IIIA	27.517506657	0.0338	134	27.51750666	M0	N2A	T2	27.51750666	BRCA_Normal
TCGA-E2-A109	STAGE IIA	46.585790841	0.4427	62	46.58579084	M0	N0 (I-)	T2	46.58579084	BRCA_LumB
TCGA-E2-A10A	STAGE IIB	2.465726403	0.2109	22	40.40503666	M0	N0 (I-)	T3	2.465726403	BRCA_LumA
TCGA-E2-A10B	STAGE IIB	NA	0.2365	46	37.51191768	M0	N1A	T2	6.410888648	BRCA_LumA
TCGA-E2-A10C	STAGE IIB	40.109149489	0.5337	332	40.10914949	M0	N1A	T2	40.10914949	BRCA_LumB
TCGA-E2-A10E	STAGE IIA	28.438044515	0.1522	NA	28.43804452	M0	N1A	T1C	28.43804452	NA
TCGA-E2-A10F	STAGE IIA	28.865437091	0.1319	21	28.86543709	M0	N0 (I-)	T2	28.86543709	BRCA_LumA
TCGA-E2-A14N	STAGE IIB	47.144688825	0.0848	77	47.14468883	M0	N1	T2	47.14468883	BRCA_Basal
TCGA-E2-A14O	STAGE IIIA	44.678962422	0.7348	32	44.67896242	M0	N1A	T3	44.67896242	BRCA_LumB
TCGA-E2-A14P	STAGE IIIC	40.963934642	0.2736	63	40.96393464	M0	N3	T2	40.96393464	BRCA_Her2
TCGA-E2-A14Q	STAGE IIB	38.235197422	0.1835	26	38.23519742	M0	N1MI	T2	38.23519742	BRCA_LumA
TCGA-E2-A14R	STAGE IIA	38.596837295	0.7127	111	38.5968373	M0	N0	T2	31.92293783	BRCA_Basal
TCGA-E2-A14S	STAGE I	33.172239208	0.2502	NA	33.17223921	M0	N0	T1C	33.17223921	NA
TCGA-E2-A14T	STAGE IIA	75.977249564	0.4914	36	75.97724956	M0	N0	T2	75.97724956	BRCA_LumA
TCGA-E2-A14U	STAGE I	43.331031989	0.0000	NA	43.33103199	M0	N0	T1C	43.33103199	NA
TCGA-E2-A14V	STAGE IIB	34.257158826	0.3800	109	34.25715883	M0	N1	T2	34.25715883	BRCA_Her2
TCGA-E2-A14W	STAGE IIA	32.021566887	0.3133	97	32.02156689	M0	N0	T2	32.02156689	NA
TCGA-E2-A14X	STAGE IIIA	31.955814183	0.3320	25	31.95581418	M0	N2	T2	31.95581418	BRCA_Basal
TCGA-E2-A14Y	STAGE IIA	69.336226452	0.2263	39	69.33622645	M0	N0	T2	69.33622645	BRCA_Basal
TCGA-E2-A14Z	STAGE I	6.1807541835	0.4779	60	18.5093862	M0	N0	T1C	6.180754184	BRCA_LumA
TCGA-E2-A150	STAGE IIA	63.615741197	0.6710	69	63.6157412	M0	N0	T2	63.6157412	BRCA_Basal
TCGA-E2-A152	STAGE I	1.7753230102	0.6421	123	69.96087714	M0	N0	T1C	1.77532301	BRCA_Her2
TCGA-E2-A153	STAGE IIB	23.243580892	0.1942	21	23.24358089	M0	N1A	T2	23.24358089	BRCA_LumA
TCGA-E2-A154	STAGE I	19.429924056	0.3826	43	19.42992406	M0	N0	T1C	19.42992406	BRCA_LumA
TCGA-E2-A155	STAGE IIB	21.040865306	0.2209	59	21.04086531	M0	N1A	T2	21.04086531	BRCA_LumB
TCGA-E2-A156	STAGE I	23.868231581	0.0482	26	23.86823158	M0	N0	T1C	23.86823158	BRCA_LumA
TCGA-E2-A158	STAGE IIA	14.794358418	0.4764	78	14.79435842	M0	N1MI	T1C	14.79435842	BRCA_Basal
TCGA-E2-A159	STAGE IIA	25.051780254	0.3468	132	25.05178025	M0	N0	T2	25.05178025	BRCA_Basal
TCGA-E2-A15A	STAGE IIIC	23.342209948	0.4767	58	23.34220995	M0	N3A	T2	23.34220995	BRCA_LumB
TCGA-E2-A15C	STAGE I	22.816188316	0.1347	35	22.81618832	M0	N0	T1C	22.81618832	BRCA_LumA
TCGA-E2-A15D	STAGE IIA	17.292961173	0.2234	33	17.29296117	M0	N0	T2	17.29296117	BRCA_LumA
TCGA-E2-A15E	STAGE IIA	20.712101785	0.2998	34	20.71210179	M0	N1A	T1C	20.71210179	BRCA_LumA
TCGA-E2-A15F	STAGE I	21.632639642	0.2419	23	21.63263964	M0	N0	T1C	21.63263964	BRCA_LumA
TCGA-E2-A15G	STAGE IIA	18.21349903	0.0763	50	18.21349903	M0	N0	T2	18.21349903	BRCA_LumA
TCGA-E2-A15H	STAGE IIA	12.920406352	0.1888	28	12.92040635	M0	N1MI	T1C	12.92040635	BRCA_LumA
TCGA-E2-A15I	STAGE IIA	55.626787652	0.1498	29	55.62678765	M0	N0	T2	55.62678765	BRCA_LumA
TCGA-E2-A15J	STAGE I	53.917217346	0.1094	19	53.91721735	M0	N0	T1C	53.91721735	BRCA_LumA
TCGA-E2-A15K	STAGE IIB	9.040996811	0.1946	38	9.040996811	M0	N1A	T2	9.040996811	BRCA_LumB
TCGA-E2-A15L	STAGE IIA	20.580596377	0.1145	29	20.58059638	M0	N0	T2	20.58059638	BRCA_LumA
TCGA-E2-A15M	STAGE IIA	11.046454285	0.2774	81	11.04645429	M0	N0	T2	11.04645429	BRCA_LumA
TCGA-E2-A15O	STAGE I	39.780385968	0.2935	27	50.7939639	M0	NX	T1C	39.78038597	BRCA_LumA
TCGA-E2-A15P	STAGE IA	19.561429464	0.1936	42	19.56142946	M0	N0	T1C	19.56142946	BRCA_LumA
TCGA-E2-A15R	STAGE IIA	56.941841733	0.3571	34	56.94184173	M0	N1A	T1C	56.94184173	BRCA_LumA
TCGA-E2-A15S	STAGE IIB	14.071078673	0.4632	53	14.07107867	M0	N1	T2	14.07107867	BRCA_LumB
TCGA-E2-A15T	STAGE IIA	51.385738238	0.1639	24	51.38573824	M0	N0	T2	51.38573824	BRCA_LumB
TCGA-E2-A1AZ	STAGE IIB	76.569023901	0.2665	51	76.5690239	M0	N1A	T2	76.5690239	BRCA_Basal
TCGA-E2-A1B0	STAGE IIIA	53.621330177	0.2357	42	53.62133018	M0	N2	T2	53.62133018	BRCA_Her2
TCGA-E2-A1B1	STAGE IIB	87.220961962	0.0269	54	87.22096196	M0	N1	T2	87.22096196	BRCA_LumA
TCGA-E2-A1B4	STAGE IIIA	33.007857448	0.0302	30	33.00785745	M0	N2A	T1C	33.00785745	BRCA_LumA
TCGA-E2-A1B5	STAGE IIA	32.350330407	0.0291	32	32.35033041	M0	N0	T2	32.35033041	BRCA_LumA
TCGA-E2-A1B6	STAGE IIA	28.503797219	0.0002	42	28.50379722	M0	N0	T2	28.50379722	BRCA_Basal
TCGA-E2-A1BC	STAGE IA	NA	0.1381	32	16.47105237	M0	N0	T1C	16.47105237	BRCA_LumA
TCGA-E2-A1BD	STAGE IIA	37.248906861	0.4632	38	37.24890686	M0	N0	T2	37.24890686	BRCA_LumA
TCGA-E2-A1IE	STAGE IIB	59.506197192	0.2631	18	77.65394352	M0	N1	T2	59.50619719	BRCA_LumA
TCGA-E2-A1IF	STAGE I	37.413288621	0.1180	18	37.41328862	M0	N0	T1C	37.41328862	BRCA_LumA
TCGA-E2-A1IG	STAGE IIB	70.355393366	0.1263	43	70.35539337	M0	N1MI	T2	70.35539337	BRCA_LumA
TCGA-E2-A1IH	STAGE I	33.731137193	0.3813	65	33.73113719	M0	N0	T1C	33.73113719	BRCA_LumA
TCGA-E2-A1II	STAGE I	33.698260841	0.5139	28	33.69826084	M0	N0	T1C	33.69826084	BRCA_Basal
TCGA-E2-A1IJ	STAGE I	28.438044515	0.1163	15	28.43804452	M0	N0	T1C	28.43804452	BRCA_LumA
TCGA-E2-A1IK	STAGE IIA	59.177433672	0.0000	16	59.17743367	M0	N1MI	T1C	59.17743367	BRCA_LumA
TCGA-E2-A1IL	STAGE IIA	3.8794095407	0.1685	23	3.879409541	M0	N1A	T1C	3.879409541	BRCA_LumA
TCGA-E2-A1IN	STAGE I	22.191537627	0.4490	162	22.19153763	M0	N0	T1C	22.19153763	BRCA_LumA
TCGA-E2-A1IO	STAGE I	60.985633034	0.4112	13	60.98563303	M0	N0	T1C	60.98563303	BRCA_LumA
TCGA-E2-A1IU	STAGE IA	11.079330637	0.0515	21	11.07933064	M0	N0 (MOL+)	T1C	11.07933064	BRCA_LumA
TCGA-E2-A1L6	STAGE IIA	54.180228162	0.1288	19	54.18022816	M0	N1MI	T1C	54.18022816	BRCA_LumA
TCGA-E2-A1L7	STAGE IIIA	53.226813953	0.4586	60	60.36098235	M0	N2	T2	53.22681395	BRCA_LumB
TCGA-E2-A1L8	STAGE IIB	73.64302857	0.1645	27	73.64302857	M0	N1A	T2	73.64302857	BRCA_LumA
TCGA-E2-A1L9	STAGE IIA	19.66005852	0.0944	24	19.66005852	M0	N1MI	T1C	19.66005852	BRCA_LumA
TCGA-E2-A1LA	STAGE IIA	24.591511326	0.3391	78	24.59151133	M0	N1A	T1C	24.59151133	BRCA_LumA
TCGA-E2-A1LB	STAGE IIB	75.812867804	0.1072	43	75.8128678	M0	N1	T2	75.8128678	BRCA_Her2
TCGA-E2-A1LE	STAGE IIIC	11.868363086	0.4304	NA	28.89831344	M0	N3A	T2	11.86836309	NA
TCGA-E2-A1LG	STAGE IIA	50.070684157	0.5605	140	50.07068416	M0	N0	T2	50.07068416	BRCA_Basal
TCGA-E2-A1LH	STAGE I	106.74951507	0.1889	183	106.7495151	M0	N0	T1C	106.7495151	BRCA_Basal
TCGA-E2-A1LI	STAGE IIB	NA	0.4015	26	102.6070947	M0	N1	T2	102.6070947	BRCA_Basal
TCGA-E2-A1LK	STAGE IIIC	5.0958345662	0.3805	36	8.745109643	M0	N3A	T4B	5.095834566	BRCA_Basal
TCGA-E2-A1LL	STAGE IIIA	42.837886708	0.3672	43	43.03514482	MX	N2A	T3	42.83788671	BRCA_Basal
TCGA-E2-A1LS	STAGE IA	52.733668672	NA	63	52.73366867	M0	N0	T1C	52.73366867	NA
TCGA-E2-A2P5	STAGE IIIC	19.627182168	0.6636	NA	26.99148503	M0	N3	T2	19.62718217	NA
TCGA-E2-A2P6	STAGE IIB	34.553045994	0.1405	104	34.55304599	M0	N1	T2	34.55304599	BRCA_LumA
TCGA-E2-A3DX	STAGE IIIC	NA	0.0199	NA	43.56116645	M0	N3	T2	43.56116645	NA
TCGA-E2-A56Z	STAGE IIB	8.2848407141	0.4799	43	8.284840714	M0	N1A	T2	8.284840714	BRCA_LumB
TCGA-E2-A570	STAGE IB	30.607883749	0.1371	21	30.60788375	M0	N1MI	T1C	30.60788375	BRCA_LumA
TCGA-E2-A573	STAGE IA	34.914685866	0.3000	46	34.91468587	M0	N0	T1C	34.91468587	BRCA_Basal
TCGA-E2-A574	STAGE IIA	38.761219055	0.6276	89	38.76121906	M0	N0	T2	38.76121906	BRCA_Basal
TCGA-E2-A576	STAGE IA	34.290035178	0.3103	44	34.29003518	MX	N0	T1C	34.29003518	BRCA_LumA
TCGA-E2-A9RU	STAGE IIIC	17.687477398	0.4619	65	17.6874774	MX	N3A	T2	17.6874774	BRCA_LumB
TCGA-E9-A1N3	STAGE IIIA	34.81605681	0.0779	24	34.81605681	M0	N2	T1C	34.81605681	BRCA_LumA
TCGA-E9-A1N4	STAGE IIIA	32.87635204	0.1888	20	32.87635204	M0	N2	T2	32.87635204	BRCA_LumA
TCGA-E9-A1N5	STAGE IIB	36.821514285	0.1846	30	36.82151429	M0	N1	T2	36.82151429	BRCA_LumA
TCGA-E9-A1N6	STAGE IIB	14.564223954	0.2459	NA	22.29016668	M0	N1	T2	14.56422395	NA
TCGA-E9-A1N8	STAGE IIA	34.15852977	0.7276	32	34.15852977	M0	N0	T2	34.15852977	BRCA_Basal
TCGA-E9-A1N9	STAGE IIA	36.196863596	0.4243	46	36.1968636	M0	N0	T2	36.1968636	BRCA_Basal
TCGA-E9-A1NA	STAGE IIA	36.558503468	0.3875	90	36.55850347	M0	N0	T2	36.55850347	BRCA_LumB
TCGA-E9-A1NC	STAGE IIB	39.550251504	0.4230	65	39.5502515	M0	N1	T2	39.5502515	BRCA_Basal
TCGA-E9-A1ND	STAGE IIB	41.621461683	0.1313	84	41.62146168	M0	N1	T2	41.62146168	BRCA_Basal
TCGA-E9-A1NE	STAGE IIB	35.769471019	0.0132	50	35.76947102	M0	N1	T2	35.76947102	BRCA_LumA
TCGA-E9-A1NF	STAGE IIA	2.9588716836	0.4963	51	35.24344939	M0	N0	T2	2.958871684	BRCA_LumB
TCGA-E9-A1NG	STAGE IIA	25.840812703	0.0874	16	25.8408127	M0	N0	T2	25.8408127	BRCA_LumA
TCGA-E9-A1NH	STAGE IIB	18.936778775	0.1230	25	18.93677878	M0	N1	T2	18.93677878	BRCA_LumA
TCGA-E9-A1NI	STAGE IIA	9.862905612	0.3954	31	9.862905612	M0	N0	T2	9.862905612	BRCA_LumB
TCGA-E9-A1QZ	STAGE IIA	24.82164579	0.1040	21	24.82164579	M0	N0	T2	24.82164579	BRCA_LumA
TCGA-E9-A1R0	STAGE IIA	NA	0.0970	24	28.27366275	M0	N1	T1C	28.27366275	BRCA_LumA
TCGA-E9-A1R2	STAGE IIIC	NA	0.3226	54	34.94756222	MX	N3	T2	34.94756222	BRCA_LumA
TCGA-E9-A1R3	STAGE IIIC	2.5643554591	0.3326	21	2.564355459	M0	N3	T2	2.564355459	BRCA_LumA
TCGA-E9-A1R4	STAGE IA	6.1150014794	0.3172	110	6.115001479	M0	N0	T1C	6.115001479	BRCA_LumB
TCGA-E9-A1R5	STAGE IA	3.0246243877	0.2577	42	3.024624388	M0	N0	T1C	3.024624388	BRCA_LumA
TCGA-E9-A1R6	STAGE IIA	11.145083342	0.4507	28	11.14508334	M0	N0	T2	11.14508334	BRCA_LumA
TCGA-E9-A1R7	STAGE IIA	48.229608443	0.3827	45	48.22960844	M0	N0	T2	48.22960844	BRCA_LumB
TCGA-E9-A1RA	STAGE IA	45.007725943	0.0886	15	45.00772594	M0	N0	T1C	45.00772594	BRCA_LumA
TCGA-E9-A1RB	STAGE IIA	32.087319591	0.6044	26	32.08731959	M0	N0	T2	32.08731959	BRCA_LumB
TCGA-E9-A1RC	STAGE IIIC	40.240654897	0.2996	40	40.2406549	M0	N3	T4B	40.2406549	BRCA_LumA
TCGA-E9-A1RD	STAGE IIA	1.1177959694	0.2262	21	1.117795969	M0	N0	T2	1.117795969	BRCA_LumA
TCGA-E9-A1RE	STAGE IIIA	46.651543545	0.5125	48	46.65154355	M0	N2	T2	46.65154355	BRCA_LumB
TCGA-E9-A1RF	STAGE IIIA	6.575270408	0.4068	127	6.575270408	M0	N2	T2	6.575270408	BRCA_LumA
TCGA-E9-A1RG	STAGE IIIA	21.27099977	0.6107	33	21.27099977	M0	N2	T1C	21.27099977	BRCA_LumB
TCGA-E9-A1RH	STAGE IIA	46.585790841	0.4291	87	46.58579084	M0	N0	T2	46.58579084	BRCA_Her2
TCGA-E9-A1RI	STAGE IIIA	47.637834106	0.1189	14	47.63783411	M0	N2	T1C	47.63783411	BRCA_LumA
TCGA-E9-A226	STAGE IIIA	25.972318112	0.2557	61	34.45441694	M0	N2	T2	25.97231811	BRCA_LumB
TCGA-E9-A227	STAGE IIB	32.054443239	0.0506	16	32.05444324	M0	N1	T2	32.05444324	BRCA_LumA
TCGA-E9-A228	STAGE IIB	42.246112371	0.1701	39	42.24611237	M0	N1	T2	42.24611237	BRCA_LumB
TCGA-E9-A229	STAGE IA	37.742052142	0.1635	21	37.74205214	M0	N0	T1C	37.74205214	BRCA_LumA
TCGA-E9-A22A	STAGE IIA	39.089982576	0.3124	27	39.08998258	M0	N0	T2	39.08998258	BRCA_LumB
TCGA-E9-A22B	STAGE IA	38.366702831	0.2412	52	38.36670283	M0	N0	T1C	38.36670283	BRCA_LumA
TCGA-E9-A22D	STAGE IIA	41.029687346	0.2295	28	41.02968735	M0	N0	T2	41.02968735	BRCA_LumB
TCGA-E9-A22E	STAGE IIIA	41.720090739	0.4323	116	41.72009074	M0	N2	T2	41.72009074	BRCA_LumB
TCGA-E9-A22G	STAGE IIA	40.733800178	0.8768	80	40.73380018	M0	N0	T2	40.73380018	BRCA_Basal
TCGA-E9-A22H	STAGE IIB	40.503665713	0.1039	25	40.50366571	M0	N1	T2	40.50366571	BRCA_LumB
TCGA-E9-A243	STAGE IIA	10.027287372	0.1011	64	20.12032745	M0	N0 (I-)	T2	10.02728737	BRCA_Basal
TCGA-E9-A244	STAGE IIA	0.6904033928	0.3765	81	0.690403393	M0	N0 (I-)	T2	0.690403393	BRCA_Basal
TCGA-E9-A245	STAGE IIB	0.854785153	0.0345	19	0.854785153	M0	N1	T2	0.854785153	BRCA_LumA
TCGA-E9-A247	STAGE IA	38.991353519	0.7006	39	38.99135352	M0	N0 (I-)	T1C	38.99135352	BRCA_LumA
TCGA-E9-A248	STAGE IIA	1.9397047704	0.0790	29	1.93970477	M0	N0 (I-)	T2	1.93970477	BRCA_Her2
TCGA-E9-A249	STAGE IIA	7.1341683927	0.4018	18	7.134168393	M0	N0 (I-)	T2	7.134168393	BRCA_LumB
TCGA-E9-A24A	STAGE IIA	24.558634974	0.1266	21	24.55863497	M0	N1	T1C	24.55863497	BRCA_LumA
TCGA-E9-A295	STAGE IIA	12.328632015	0.4456	88	12.32863202	M0	N0 (I-)	T2	12.32863202	BRCA_LumA
TCGA-E9-A2JS	STAGE IIB	17.227208469	0.6188	55	29.72022224	M0	N1	T2	17.22720847	BRCA_LumB
TCGA-E9-A2JT	STAGE IIA	9.4683893875	0.0019	21	9.468389388	M0	N0 (I-)	T2	9.468389388	BRCA_LumA
TCGA-E9-A3HO	STAGE IIA	38.070815662	0.4019	53	38.07081566	M0	N0 (I-)	T2	38.07081566	BRCA_LumB
TCGA-E9-A3Q9	STAGE IIIC	32.909228392	0.0275	NA	32.90922839	M0	N3	T3	32.90922839	NA
TCGA-E9-A3QA	STAGE IIA	30.180491173	0.0908	40	30.18049117	M0	N0 (I-)	T2	30.18049117	BRCA_Basal
TCGA-E9-A3X8	STAGE IIB	30.443501989	0.0767	26	30.44350199	M0	N1	T2	30.44350199	BRCA_LumA
TCGA-E9-A54X	STAGE IA	23.901107933	0.2207	NA	23.90110793	M0	N0 (I-)	T1B	23.90110793	NA
TCGA-E9-A54Y	STAGE IIIA	23.835355229	0.5066	36	23.83535523	M0	N2	T2	23.83535523	BRCA_LumB
TCGA-E9-A5FK	STAGE IIIC	26.695597856	0.0837	22	26.69559786	M0	N3	T2	26.69559786	BRCA_LumA
TCGA-E9-A5FL	STAGE IIB	0.789032449	0.3713	81	0.789032449	M0	N0	T3	0.789032449	BRCA_Basal
TCGA-E9-A5UO	STAGE IIA	25.807936351	0.2246	24	25.80793635	M0	N0	T2	25.80793635	BRCA_LumB
TCGA-E9-A5UP	STAGE IIA	26.399710688	0.5951	NA	26.39971069	M0	N0	T2	26.39971069	NA
TCGA-E9-A6HE	STAGE IIIC	27.846270178	0.1661	19	27.84627018	MX	N3	T3	27.84627018	BRCA_LumA
TCGA-EW-A1IW	STAGE IIB	12.197126607	0.1756	79	12.19712661	MX	N1A	T2	12.19712661	BRCA_LumA
TCGA-EW-A1IX	STAGE IIA	39.714633264	0.0676	32	39.71463326	MX	N1A	T1B	39.71463326	BRCA_LumA
TCGA-EW-A1IY	STAGE I	8.4820988263	0.0644	28	8.482098826	MX	N0	T1C	8.482098826	BRCA_LumB
TCGA-EW-A1IZ	STAGE IIIA	18.21349903	0.0078	366	18.21349903	MX	N2A	T2	18.21349903	BRCA_LumA
TCGA-EW-A1J1	STAGE IIB	18.903902423	0.2787	15	18.90390242	M0	N1A	T2	18.90390242	BRCA_LumA
TCGA-EW-A1J2	STAGE IIB	13.249169872	0.1378	33	13.24916987	MX	N1MI	T1C	13.24916987	BRCA_LumA
TCGA-EW-A1J3	STAGE IA	16.569681428	0.1817	22	16.56968143	M0	N0	T1C	16.56968143	BRCA_LumA
TCGA-EW-A1J5	STAGE IIB	15.682019923	0.1777	364	15.68201992	M0	N0 (I-)	T3	15.68201992	BRCA_LumA
TCGA-EW-A1J6	STAGE I	28.766808035	0.9022	31	28.76680804	M0	N0 (I-)	T1C	28.76680804	BRCA_LumB
TCGA-EW-A1OV	STAGE IIB	25.93944176	0.3884	98	25.93944176	MX	N1MI	T2	25.93944176	BRCA_Her2
TCGA-EW-A1OW	STAGE IIA	22.816188316	0.4637	NA	22.81618832	MX	N0	T2	22.81618832	NA
TCGA-EW-A1OX	STAGE IIA	29.950356708	0.0924	11	29.95035671	MX	N0	T2	29.95035671	BRCA_LumB
TCGA-EW-A1OY	STAGE IIA	29.851727652	0.5930	56	29.85172765	MX	N0	T2	29.85172765	BRCA_LumB
TCGA-EW-A1OZ	STAGE IIA	40.405036657	0.6261	53	40.40503666	M0	N0 (I-)	T2	40.40503666	BRCA_LumB
TCGA-EW-A1P0	STAGE IIB	35.966729132	0.2439	20	41.1283164	MX	N1B	T2	35.96672913	BRCA_LumB
TCGA-EW-A1P1	STAGE IIIC	33.336620969	0.0008	2	39.78038597	MX	N3B	T2	33.33662097	BRCA_Normal
TCGA-EW-A1P3	STAGE IIA	52.963803136	0.2396	22	52.96380314	MX	N0	T2	52.96380314	BRCA_LumA
TCGA-EW-A1P4	STAGE IIA	29.8188513	0.4697	60	29.8188513	M0	N0 (I-)	T2	29.8188513	BRCA_Basal
TCGA-EW-A1P5	STAGE IIB	23.112075484	0.2559	17	23.11207548	M0	N1A	T2	23.11207548	BRCA_LumA
TCGA-EW-A1P6	STAGE IIB	NA	0.0919	20	18.47650985	M0	N1A	T2	18.47650985	BRCA_LumA
TCGA-EW-A1P7	STAGE IIA	23.966860637	0.0027	20	30.08186212	M0	N0 (I-)	T2	23.96686064	BRCA_Normal
TCGA-EW-A1P8	STAGE IIIC	6.8054048723	0.9462	28	7.857448138	M0	N3B	T2	6.805404872	BRCA_Basal
TCGA-EW-A1PA	STAGE IIB	18.903902423	0.3026	29	18.90390242	M0	N1A	T2	18.90390242	BRCA_LumA
TCGA-EW-A1PB	STAGE IIIA	19.98882204	0.1579	129	19.98882204	MX	N1A	T3	19.98882204	BRCA_Basal
TCGA-EW-A1PC	STAGE IIB	6.1478778315	0.5900	NA	6.147877832	MX	N0 (I-)	T3	6.147877832	NA
TCGA-EW-A1PD	STAGE IIA	13.939573265	0.3329	72	13.93957327	M0	N1A	T1C	13.93957327	NA
TCGA-EW-A1PE	STAGE IIA	10.520432653	0.1758	28	10.52043265	M0	N1A	T1C	10.52043265	BRCA_LumA
TCGA-EW-A1PF	STAGE IA	14.432718546	0.2254	NA	14.43271855	M0	N0	T1C	14.43271855	NA
TCGA-EW-A1PG	STAGE IIB	34.553045994	0.0004	9	34.55304599	MX	N1A	T2	34.55304599	BRCA_Normal
TCGA-EW-A1PH	STAGE IIA	19.955945688	0.4664	47	19.95594569	M0	N1A	T1C	19.95594569	BRCA_Basal
TCGA-EW-A2FR	STAGE IIIC	55.002136963	0.0742	39	55.00213696	MX	N3A	T1B	55.00213696	BRCA_Her2
TCGA-EW-A2FS	STAGE IIB	52.733668672	0.1908	27	52.73366867	MX	N1MI	T2	52.73366867	BRCA_LumA
TCGA-EW-A2FV	STAGE IIIC	25.906565408	0.1508	3877	25.90656541	MX	N3A	T3	25.90656541	BRCA_LumA
TCGA-EW-A2FW	STAGE IIA	22.092908571	0.2122	23	22.09290857	MX	N0 (I-)	T2	22.09290857	BRCA_LumB
TCGA-EW-A3E8	STAGE IIB	34.027024361	0.0997	NA	34.02702436	MX	N0	T3	34.02702436	NA
TCGA-EW-A3U0	STAGE IIIA	17.490219285	0.4676	NA	17.49021929	M0	N1A	T3	17.49021929	NA
TCGA-EW-A423	STAGE IIA	17.523095637	0.6939	44	17.52309564	MX	N0	T2	17.52309564	BRCA_LumA
TCGA-EW-A424	STAGE IIIA	23.506591709	0.1872	NA	23.50659171	MX	N1	T3	23.50659171	NA
TCGA-EW-A6S9	STAGE IIA	NA	0.1839	25	15.221751	M0	N1	T1C	15.221751	BRCA_LumA
TCGA-EW-A6SA	STAGE II	16.76693954	0.5613	64	16.76693954	MX	N0 (I+)	T2	16.76693954	NA
TCGA-EW-A6SB	STAGE II	24.98602755	0.2153	65	24.98602755	M0	N0	T2	24.98602755	BRCA_Basal
TCGA-EW-A6SC	STAGE IIA	31.298287142	0.1298	27	31.29828714	M0	N0	T2	31.29828714	BRCA_LumA
TCGA-EW-A6SD	STAGE IIB	33.20511556	0.4194	43	33.20511556	M0	N1A	T2	33.20511556	BRCA_Her2
TCGA-GI-A2C8	STAGE IIIB	7.397179209	0.5576	105	7.397179209	MX	N0	T4B	7.397179209	BRCA_LumA
TCGA-GI-A2C9	STAGE IIB	109.87276852	0.5638	NA	109.8727685	MX	N0	T3	109.8727685	NA
TCGA-GM-A2D9	STAGE I	17.621724693	0.1545	437	59.5719499	M0	N0 (I-)	T1C	17.62172469	BRCA_LumA
TCGA-GM-A2DA	STAGE IIB	99.089325048	0.1413	31	216.753789	M0	N1B	T2	99.08932505	BRCA_LumA
TCGA-GM-A2DB	STAGE IIA	79.100503008	0.2286	124	79.10050301	M0	N0 (I-)	T2	79.10050301	BRCA_Her2
TCGA-GM-A2DC	STAGE IIA	83.341552421	0.4130	15	83.34155242	M0	N1A	T1C	83.34155242	BRCA_LumA
TCGA-GM-A2DD	STAGE I	75.023835355	0.1170	51	75.02383536	M0	N0 (I-)	T1C	75.02383536	BRCA_Normal
TCGA-GM-A2DF	STAGE IIA	70.848538646	0.1934	37	70.84853865	M0	N1A	T1C	70.84853865	BRCA_Basal
TCGA-GM-A2DH	STAGE I	72.097840024	0.2932	174	72.09784002	M0	N0 (I+)	T1C	72.09784002	BRCA_Her2
TCGA-GM-A2DI	STAGE I	85.149751784	0.0143	67	85.14975178	M0	N0 (I+)	T1C	85.14975178	BRCA_LumA
TCGA-GM-A2DK	STAGE I	86.957951146	0.1815	19	86.95795115	M0	N0 (I-)	T1C	86.95795115	BRCA_LumA
TCGA-GM-A2DL	STAGE I	115.69188283	0.1835	44	115.6918828	M0	N0 (I-)	T1C	115.6918828	BRCA_LumA
TCGA-GM-A2DM	STAGE IIA	106.05911168	0.0055	24	106.0591117	M0	N0 (I-)	T2	106.0591117	BRCA_LumA
TCGA-GM-A2DN	STAGE IIA	101.62080416	0.0649	24	101.6208042	M0	N0 (I-)	T2	101.6208042	BRCA_LumA
TCGA-GM-A2DO	STAGE I	85.347009896	0.0343	141	85.3470099	M0	N0 (I-)	T1C	85.3470099	BRCA_LumB
TCGA-GM-A3NW	STAGE IIA	110.49741921	0.2472	52	110.4974192	M0	N0 (I-)	T2	110.4974192	BRCA_LumA
TCGA-GM-A3NY	STAGE IIB	38.20232107	0.1117	NA	38.20232107	M0	N1A	T2	38.20232107	NA
TCGA-GM-A3XG	STAGE IIIA	43.725548213	0.0000	NA	43.72554821	M0	N1A	T3	43.72554821	NA
TCGA-GM-A3XL	STAGE IIA	69.3033501	0.4806	87	69.3033501	M0	N0 (I-)	T2	69.3033501	BRCA_Basal
TCGA-GM-A3XN	STAGE IIIA	66.377354769	0.1675	NA	66.37735477	M0	N2A	T1C	66.37735477	NA
TCGA-GM-A4E0	STAGE IIIC	72.03208732	0.0133	21	72.03208732	M0	N3A	T3	72.03208732	BRCA_LumA
TCGA-GM-A5PV	STAGE IIB	13.54505704	0.0368	28	13.54505704	M0	N1A	T2	13.54505704	BRCA_LumA
TCGA-GM-A5PX	STAGE IIB	18.114869974	0.1005	24	18.11486997	M0	N1MI	T2	18.11486997	BRCA_LumA
TCGA-HN-A2NL	STAGE IIA	2.5972318112	0.9228	70	2.597231811	M0	N0	T2	2.597231811	BRCA_Basal
TCGA-HN-A2OB	STAGE IIB	50.728211198	0.0273	18	62.46506888	M0	N1	T2	50.7282112	BRCA_LumA
TCGA-JL-A3YW	STAGE IIB	11.835486734	0.1167	NA	11.83548673	M0	N1	T2	11.83548673	NA
TCGA-JL-A3YX	STAGE IIA	11.572475918	0.2097	28	11.57247592	M0	N0	T2	11.57247592	BRCA_LumA
TCGA-LD-A66U	STAGE IIB	21.238123418	0.2001	32	21.23812342	MX	N1MI	T2	21.23812342	BRCA_LumA
TCGA-LD-A74U	STAGE IIIC	13.21629352	0.0661	194	13.21629352	M0	N3A	T3	13.21629352	BRCA_LumA
TCGA-LD-A7W5	STAGE IIIC	NA	0.2170	42	7.101292041	M0	N3A	T2	7.101292041	BRCA_LumA
TCGA-LD-A7W6	STAGE IIB	13.282046224	0.1270	29	13.28204622	M0	N1A	T2	13.28204622	BRCA_LumA
TCGA-LD-A9QF	STAGE IA	10.619061709	0.0045	19	10.61906171	M0	N0	T1C	10.61906171	BRCA_Normal
TCGA-LL-A440	STAGE IA	24.953151198	0.0068	3	24.9531512	MX	N0 (I-)	T1C	24.9531512	BRCA_LumA
TCGA-LL-A441	STAGE IA	32.744846632	0.1771	NA	32.74484663	MX	N0	T1C	32.74484663	NA
TCGA-LL-A442	STAGE IIA	29.227076964	0.0052	NA	29.22707696	MX	N0 (I-)	T2	29.22707696	NA
TCGA-LL-A50Y	STAGE IIA	25.051780254	0.0849	24	25.05178025	MX	N0	T2	25.05178025	BRCA_LumA
TCGA-LL-A5YL	STAGE IIB	17.062826709	0.1994	57	17.06282671	MX	N1A	T2	17.06282671	BRCA_LumA
TCGA-LL-A5YM	STAGE IIIB	8.4820988263	0.4424	23	15.32038005	M0	NX	T4B	8.482098826	BRCA_LumB
TCGA-LL-A5YN	STAGE IIA	14.695729362	0.1778	28	14.69572936	M0	N0 (I-)	T2	14.69572936	BRCA_LumA
TCGA-LL-A5YO	STAGE IA	14.465594898	0.0570	40	14.4655949	MX	N0	T1B	14.4655949	BRCA_Her2
TCGA-LL-A5YP	STAGE IIB	14.794358418	0.5530	64	14.79435842	M0	N1A	T2	14.79435842	BRCA_Basal
TCGA-LL-A6FP	STAGE IIA	22.257290331	0.4119	49	22.25729033	MX	NX	T2	22.25729033	BRCA_LumA
TCGA-LL-A6FQ	STAGE IIIA	2.6301081632	0.4664	38	2.630108163	MX	N2A	T2	2.630108163	BRCA_LumA
TCGA-LL-A6FR	STAGE IIA	16.076536148	0.5897	36	16.07653615	MX	N0 (I-)	T2	16.07653615	BRCA_Basal
TCGA-LL-A73Y	STAGE IA	15.682019923	0.2373	100	15.68201992	MX	N0	T1C	15.68201992	BRCA_Basal
TCGA-LL-A73Z	STAGE IV	NA	0.0598	40	7.462931913	M1	NX	T1C	6.312259592	BRCA_Normal
TCGA-LL-A740	STAGE IA	14.49847125	0.1924	43	14.49847125	MX	N0 (I-)	T1C	14.49847125	BRCA_LumA
TCGA-LL-A7SZ	STAGE IIB	19.528553112	0.2933	87	19.52855311	MX	N1A	T2	19.52855311	BRCA_LumA
TCGA-LL-A7T0	STAGE IIB	12.361508367	0.3326	39	12.36150837	M0	N1A	T2	12.36150837	BRCA_LumB
TCGA-LL-A8F5	STAGE IIA	19.594305816	0.6392	132	19.59430582	MX	N0 (I-)	T2	19.59430582	BRCA_Basal
TCGA-LL-A9Q3	STAGE IIIC	17.490219285	0.2749	47	17.49021929	MX	N3A	T3	17.49021929	BRCA_LumA
TCGA-LQ-A4E4	STAGE IIIA	NA	0.1878	NA	27.91202288	MX	N1A	T3	22.38879574	NA
TCGA-MS-A51U	STAGE IIB	22.388795739	0.1797	NA	22.38879574	M0	N1	T2	22.38879574	NA
TCGA-OK-A5Q2	STAGE II	2.1040865306	0.0911	26	2.104086531	MX	N1A	T2	2.104086531	BRCA_LumA
TCGA-OL-A5D6	STAGE IIA	36.295492652	0.1517	34	36.29549265	MX	N0	T2	36.29549265	BRCA_Normal
TCGA-OL-A5D7	STAGE IIA	58.519906631	0.3616	52	58.51990663	MX	N0	T2	58.51990663	BRCA_Basal
TCGA-OL-A5D8	STAGE IIB	NA	0.1753	22	31.98869054	MX	N0	T3	31.98869054	BRCA_LumA
TCGA-OL-A5DA	STAGE IIA	58.618535687	0.2379	61	58.61853569	MX	N0	T2	58.61853569	BRCA_LumA
TCGA-OL-A5RU	STAGE IIA	40.076273137	0.0399	33	40.07627314	MX	N1	T1C	40.07627314	BRCA_LumA
TCGA-OL-A5RV	STAGE IIIC	34.914685866	0.0644	11	34.91468587	MX	N3	T2	34.91468587	BRCA_LumA
TCGA-OL-A5RW	STAGE IIA	36.361245356	0.7465	145	36.36124536	MX	N1	T1C	36.36124536	BRCA_Basal
TCGA-OL-A5RX	STAGE IA	28.865437091	0.1288	22	28.86543709	MX	N0	T1C	28.86543709	BRCA_LumA
TCGA-OL-A5RY	STAGE IIA	24.723016734	0.0041	10	24.72301673	MX	N1	T1C	24.72301673	BRCA_Normal
TCGA-OL-A5RZ	STAGE IA	22.323043035	0.4698	97	22.32304304	MX	N0	T1B	22.32304304	BRCA_Her2
TCGA-OL-A5S0	STAGE IIB	20.383338265	0.6208	30	20.38333827	MX	N1A	T2	20.38333827	BRCA_Basal
TCGA-OL-A66H	STAGE IB	NA	0.0587	18		MX	N1MI	T1C		BRCA_LumA
TCGA-OL-A66I	STAGE IIA	23.473715357	0.4090	39	23.47371536	MX	N1MI	T1C	23.47371536	BRCA_Basal
TCGA-OL-A66J	STAGE I	65.621198672	0.0664	45	65.62119867	MX	N0	T1C	65.62119867	BRCA_LumA
TCGA-OL-A66K	STAGE IIA	41.917348851	0.1883	27	41.91734885	MX	N0	T2	41.91734885	BRCA_LumA
TCGA-OL-A66L	STAGE IA	42.772134004	0.1110	57	42.772134	MX	N0	T1C	42.772134	BRCA_LumA
TCGA-OL-A66N	STAGE IIIC	26.038070816	0.2094	35	26.03807082	MX	N3	T3	26.03807082	BRCA_LumA
TCGA-OL-A66O	STAGE IIB	17.358713877	0.1667	28	17.35871388	MX	N1A	T2	17.35871388	BRCA_LumA
TCGA-OL-A66P	STAGE IIA	14.071078673	0.1324	93	14.07107867	MX	N0	T2	14.07107867	BRCA_Her2
TCGA-OL-A6VO	STAGE IA	28.20791005	0.4348	33	28.20791005	MX	N0	T1C	28.20791005	BRCA_Basal
TCGA-OL-A6VQ	STAGE IIA	19.725811224	0.1319	70	19.72581122	MX	N0	T2	19.72581122	BRCA_LumA
TCGA-OL-A6VR	STAGE IA	40.109149489	0.1111	22	40.10914949	MX	N0	T1B	40.10914949	BRCA_LumA
TCGA-OL-A97C	STAGE IIB	NA	0.2079	60	8.909491403	M0	N0	T3	9.040996811	BRCA_Normal
TCGA-PE-A5DC	STAGE IIIA	NA	0.3159	93	47.01318342	M0	N2A	T2	47.01318342	BRCA_LumA
TCGA-PE-A5DD	STAGE IIA	64.207515534	0.2365	54	64.20751553	M0	N0	T2	64.20751553	BRCA_LumA
TCGA-PE-A5DE	STAGE IIA	NA	0.5284	389	86.95795115	M0	N0	T2	86.95795115	BRCA_LumA
TCGA-PL-A8LV	STAGE IIIB	NA	0.7412	96	0	M0	N0	T4	0	BRCA_Basal
TCGA-PL-A8LX	STAGE IV	NA	0.1356	29	0.16438176	M1	N1A	T4	0.16438176	BRCA_LumA
TCGA-PL-A8LY	STAGE IIB	NA	0.0001	4	0.263010816	M0	N0	T3	0.263010816	BRCA_Normal
TCGA-PL-A8LZ	STAGE IIIB	NA	0.1729	78	9.928658316	M0	N2	T4B	9.928658316	BRCA_Basal
TCGA-S3-A6ZF	STAGE IIA	18.805273367	0.6020	31	18.80527337	M0	N0	T2	18.80527337	BRCA_LumB
TCGA-S3-A6ZG	STAGE IIB	18.476509846	0.1632	39	18.47650985	M0	N1	T2	18.47650985	BRCA_LumA
TCGA-S3-A6ZH	STAGE IIIC	21.073741658	0.3715	32	21.07374166	MX	N3A	T3	21.07374166	BRCA_LumA
TCGA-S3-AA0Z	STAGE IIB	20.679225433	0.3953	46	20.67922543	M0	N1A	T2	20.67922543	BRCA_Basal
TCGA-S3-AA10	STAGE IIA	19.265542295	0.5359	133	19.2655423	M0	N0	T2	19.2655423	BRCA_Basal
TCGA-S3-AA11	STAGE IIA	13.840944209	0.0560	59	13.84094421	M0	N0	T2	13.84094421	BRCA_LumA
TCGA-S3-AA12	STAGE IIIA	18.871026071	0.1373	36	18.87102607	MX	N1A	T3	18.87102607	BRCA_LumA
TCGA-S3-AA14	STAGE I	17.391590229	0.1821	16	17.39159023	CM0 (I+)	N0 (I+)	T1	17.39159023	BRCA_LumA
TCGA-S3-AA15	STAGE IIB	17.260084821	0.0014	36	17.26008482	CM0 (I+)	N1A	T2	17.26008482	BRCA_Basal
TCGA-S3-AA17	STAGE IIB	13.939573265	0.3460	88	13.93957327	CM0 (I+)	N1MI	T2	13.93957327	BRCA_LumB
TCGA-UL-AAZ6	STAGE IIA	NA	0.5875	80	17.02995036	MX	N0	T2	17.02995036	BRCA_LumA
TCGA-UU-A93S	STAGE IV	NA	0.5014	139	3.813656837	M1	N3B	T4D	3.813656837	BRCA_Her2
TCGA-V7-A7HQ	STAGE IIIA	66.837623697	0.1209	23	66.8376237	M0	N2A	T1C	66.8376237	BRCA_LumA
TCGA-W8-A86G	STAGE IIA	11.408094158	0.0915	15	11.40809416	MX	N0 (I-)	T2A	11.40809416	BRCA_LumA
TCGA-WT-AB41	STAGE IIB	52.963803136	0.3125	40	52.96380314	MX	N1MI	T2	52.96380314	BRCA_LumA
TCGA-WT-AB44	STAGE IA	29.029818851	0.3436	31	29.02981885	MX	N0 (I-)	T1C	29.02981885	BRCA_LumA
TCGA-XX-A899	STAGE IIIA	15.353256403	0.0625	37	15.3532564	MX	N2A	T1C	15.3532564	BRCA_LumA
TCGA-XX-A89A	STAGE IIB	16.043659796	0.1764	151	16.0436598	MX	N0	T3	16.0436598	BRCA_LumA
TCGA-Z7-A8R5	STAGE IIIA	NA	0.0452	23	108.0645692	MX	N1A	T3	5.950619719	BRCA_LumA
TCGA-Z7-A8R6	STAGE I	107.04540224	0.3367	64	107.0454022	M0	N0	T1C	107.0454022	BRCA_LumB
