Partner,t_value,p_value
IL27RA,2.60359,0.00955437
UEVLD,-3.48499,0.000544333
FBXW7,3.89124,0.000116064
MRPL30,4.45457,1.08E-05
DNAL1,-2.78735,0.00555695
STK10,3.13591,0.00183452
FAM159A,4.30576,2.08E-05
CD53,4.74901,2.82E-06
PCDHB11,-2.68812,0.00747336
MYO1C,-3.17019,0.00163577
MCFD2,-4.16986,3.71E-05
LRP11,-3.22457,0.00136089
ZNF490,4.52704,7.82E-06
AVPI1,-3.86702,0.000127768
ERMN,4.66108,4.24E-06
CNOT6,2.58444,0.0100927
SHARPIN,-2.6268,0.00893666
PPM1K,3.28384,0.00111038
HRCT1,-3.49936,0.000516602
RFNG,-2.65569,0.00821801
TRAPPC8,3.36316,0.000841752
MON1B,3.39836,0.000743116
JCHAIN,3.63603,0.000311505
ACVR1,-2.80653,0.00524261
KLHL12,3.36345,0.000840891
DDX59,2.98137,0.00303775
SYCE2,3.00674,0.00280036
RSAD2,-2.74434,0.00632504
HOMEZ,2.72491,0.00670266
PPARGC1B,4.15055,4.02E-05
TMOD4,2.94857,0.00337202
PACSIN3,-3.16485,0.00166538
C9orf62,3.40237,0.000732575
AP2S1,-2.99676,0.00289163
AP1S1,-2.86169,0.00442611
AP2M1,-3.52154,0.000476411
ZNF548,4.87355,1.56E-06
NMNAT2,-2.82309,0.00498416
CLC,2.86028,0.00444534
ZBTB3,2.87071,0.0043041
C12orf77,3.78492,0.0001763
N6AMT1,-2.61225,0.00931964
IFIT2,-3.67804,0.000265797
IFIT1,-5.00635,8.20E-07
HEG1,-3.51768,0.000483179
CBR1,-3.88284,0.000120005
BRD3,2.64783,0.00840813
CGGBP1,3.51644,0.000485392
IFIT3,-3.55672,0.000418609
WIPF1,3.88801,0.000117565
WAS,3.77495,0.000183257
LOC729970,-2.68937,0.00744587
R3HCC1,2.81359,0.0051309
CD48,5.28239,2.06E-07
SLC35G2,-2.91123,0.0037932
LNPK,3.12132,0.00192566
EP300,3.3757,0.000805283
TBC1D10A,-3.37389,0.00081048
POGZ,4.10695,4.83E-05
ACER3,-3.61456,0.000337627
TRPV3,2.74778,0.0062604
PLEKHM3,3.74566,0.000205227
C9orf3,-3.61926,0.000331746
CLASP2,3.12257,0.00191774
TICRR,4.16986,3.71E-05
LOC100288637,2.90613,0.00385427
FLII,-2.66847,0.00791696
ARHGAP4,5.25024,2.43E-07
RND3,-3.18127,0.00157592
ARHGAP5,-3.37391,0.000810423
RHOH,4.80813,2.13E-06
RASAL3,4.83024,1.92E-06
FOXL1,-3.18978,0.00153131
FOXJ1,-3.07923,0.0022126
FOXE1,-3.01839,0.00269711
MGAT4B,-3.53866,0.000447404
B4GALT7,-3.93337,9.81E-05
NUAK2,-3.74813,0.000203282
PHRF1,2.71611,0.00688004
FBRSL1,6.1418,1.90E-09
FERMT3,3.00678,0.00280003
NDUFAF1,3.14494,0.0017801
SH3GLB1,-4.30627,2.07E-05
MANBAL,-4.11906,4.59E-05
METTL9,4.21055,3.12E-05
RDH11,-2.80427,0.0052787
GCNT2,-4.61756,5.18E-06
DNAH1,2.7786,0.00570598
AHNAK2,-4.14529,4.11E-05
GTF2H4,-4.83106,1.91E-06
NOD1,3.60441,0.000350686
ATP8A1,2.78831,0.0055409
CENPJ,2.72172,0.00676654
CAND1,2.6813,0.0076246
TGFB2,-3.34614,0.000893711
PHLDB2,-4.78492,2.38E-06
STYX,2.65711,0.00818395
KMT2B,5.49811,6.70E-08
GNLY,2.6293,0.00887234
SNPH,-3.0271,0.00262225
FAM65B,2.58195,0.0101646
FJX1,-2.89598,0.00397868
PANX1,-3.23651,0.00130659
LAMP5,4.62314,5.05E-06
ZNF318,3.67549,0.000268381
TSC22D1,-3.29211,0.00107907
SPDL1,-2.58869,0.00997093
ZNF436,-2.8505,0.00458165
TBC1D31,4.05109,6.08E-05
LAX1,4.16116,3.85E-05
OLFML2A,-2.74291,0.00635214
MGC27345,2.79127,0.00549131
DNAH5,-3.23581,0.00130971
GPR65,3.23327,0.00132113
BTN3A1,2.73926,0.00642184
CYLD,3.3936,0.000755795
CIT,3.52554,0.000469477
C15orf52,-4.62139,5.09E-06
ARHGAP30,4.04082,6.34E-05
SLFN12,-2.60425,0.00953642
ADAMTS15,-2.84006,0.00473142
PRL,3.13795,0.00182209
GLT1D1,3.4229,0.00068083
ADGRL2,-3.02011,0.00268223
NUAK1,-4.85164,1.73E-06
LIN54,3.94687,9.29E-05
EPHX4,-3.20382,0.0014603
AQP9,3.30335,0.00103777
AIMP1,3.04858,0.00244569
NUMBL,-3.35246,0.000874094
STAT5A,2.92857,0.00359194
STAT5B,3.25154,0.00124102
SLC38A5,4.56676,6.53E-06
USP3,3.63889,0.000308175
RFC1,3.15404,0.00172677
BDP1,3.3227,0.000970148
ALPP,-3.86379,0.000129411
SCYL1,-2.82909,0.00489336
RHBDD2,-2.83873,0.00475074
SBNO1,5.78387,1.43E-08
SAMD13,2.63791,0.00865397
ITGAL,4.90176,1.36E-06
ITGAV,-3.56529,0.000405546
MRPL14,-3.71444,0.000231365
CHMP7,3.10118,0.00205839
SLC30A5,2.60096,0.00962671
FUCA1,-3.12722,0.00188835
TIGD1,2.84,0.00473229
HBS1L,2.9458,0.00340177
PLK2,-3.07967,0.00220936
UNC5A,-2.83347,0.00482808
TESC,3.59521,0.000362925
AURKAIP1,-2.74433,0.00632521
RAB33B,4.36647,1.59E-05
ABHD11,-4.81756,2.04E-06
BICC1,-3.55617,0.00041945
P2RY12,3.29252,0.00107754
CBX4,4.59993,5.61E-06
NME9,4.61208,5.31E-06
LHFP,-3.29966,0.00105116
DYX1C1,-3.15349,0.00173
TBCB,-2.8975,0.00395983
MYCBP2,3.49795,0.000519275
RRP1B,3.09357,0.0021107
CIRBP,4.92202,1.24E-06
INTS7,3.37054,0.000820113
TRNP1,-3.7084,0.000236769
SHOC2,3.26619,0.00118012
C21orf62-AS1,3.19523,0.00150338
CEP170B,-3.68105,0.000262769
PRAMEF12,2.9272,0.00360747
DGKD,3.69775,0.000246595
DGKE,3.40185,0.000733929
FAM177A1,-3.38161,0.000788627
POLD4,-3.27518,0.00114411
MYL12B,-2.94462,0.00341446
NBEAL1,-4.38854,1.45E-05
MLF1,-4.70692,3.43E-06
MAU2,3.09577,0.00209544
MED13L,2.62616,0.00895328
LMAN2L,-3.8475,0.000138006
PARP15,2.66568,0.00798187
RPS11,3.28727,0.00109729
RSAD1,4.03908,6.39E-05
OTX2-AS1,2.75714,0.00608697
DDIAS,-2.6795,0.00766505
TMA16,4.00044,7.48E-05
BPTF,3.32094,0.00097613
PTK2B,5.09953,5.18E-07
FANCF,4.58983,5.88E-06
MYB,5.47461,7.59E-08
MYBL1,-2.93269,0.00354568
SH3BGRL,2.76412,0.0059607
POGK,2.88191,0.00415703
ARHGEF16,-2.94923,0.00336494
ZNF706,2.87929,0.00419104
GRK3,4.34507,1.75E-05
GRK2,4.20554,3.19E-05
LRRC8A,-2.66794,0.00792929
ABHD18,3.09693,0.00208745
CNTNAP4,2.81628,0.0050889
NANOS1,-3.42018,0.000687493
CTC1,2.89604,0.00397789
RPLP2,3.28005,0.00112504
PAQR6,3.37105,0.000818648
CPXM1,3.00186,0.00284464
LST1,2.82239,0.00499481
TFEB,2.63363,0.00876191
ACAP1,3.41101,0.000710366
CD276,-2.90831,0.00382807
PTBP1,3.00515,0.00281473
RRAS,-4.65923,4.28E-06
RPS27A,2.69174,0.00739419
LAPTM4A,-4.38939,1.44E-05
TBC1D5,3.55914,0.000414879
SEMA3C,-4.01828,6.96E-05
APPBP2,2.79531,0.00542442
RASSF2,2.91526,0.0037456
MYBBP1A,2.80627,0.00524675
TMEM94,3.10391,0.0020399
SUMF1,-2.81341,0.00513383
PER2,2.93744,0.00349287
CAMK2D,2.64512,0.00847464
CHMP1B,2.72482,0.00670437
BTN1A1,2.9126,0.00377689
RNF113A,3.29851,0.00105539
SERPINB5,-2.8412,0.00471474
CCDC88C,3.63743,0.000309866
FBLIM1,-3.28964,0.00108835
ATG16L2,4.19859,3.29E-05
CDC42EP1,-2.64931,0.00837209
BTG1,3.8297,0.00014801
WDR76,3.65789,0.000286866
H3F3B,3.3433,0.000902674
EMC10,-2.58403,0.0101046
RNGTT,2.8746,0.00425249
GPAA1,-3.08292,0.00218591
POC1B,3.3848,0.000779753
ME1,-3.45816,0.000599839
PCMTD1,2.87987,0.0041834
CCNYL1,-4.21639,3.05E-05
RNPC3,3.28599,0.00110218
RPRD2,4.00175,7.44E-05
PDS5A,3.50529,0.000505569
RBKS,-2.69833,0.00725175
KIAA0922,2.96515,0.00319911
ANKRD28,3.00509,0.00281525
SFSWAP,2.96577,0.00319279
SRSF6,4.52957,7.73E-06
FGD6,-3.57212,0.000395424
RIOK2,3.58688,0.000374341
CMTR2,3.69268,0.000251404
CIAO1,3.39871,0.000742177
KCNQ5,3.90196,0.000111214
EIF4ENIF1,3.85601,0.000133452
CCL28,-2.63386,0.00875603
SIX4,-3.40971,0.000713665
PRKAG2,-3.49172,0.000531171
LOC100507507,-3.30676,0.00102556
THRB,-3.90036,0.000111926
LINC00528,5.58397,4.24E-08
ZCCHC8,4.36634,1.60E-05
LSM14A,3.94205,9.47E-05
RAI14,-4.25237,2.61E-05
APPL1,4.30354,2.10E-05
G6PD,-4.94019,1.13E-06
ACKR1,-2.70699,0.00706857
CENPH,4.79552,2.26E-06
IFI6,-3.60203,0.000353804
RNF44,3.57114,0.000396861
PARN,3.12796,0.00188371
PARK2,3.20613,0.00144893
ZNF652,2.97071,0.00314295
COBLL1,-2.67751,0.00770998
BCAR1,-3.78783,0.000174314
LOC100506107,3.28707,0.00109807
ERRFI1,-4.2536,2.60E-05
TCF7L1,-3.56605,0.00040441
SYS1,-2.90681,0.00384616
BLNK,2.80034,0.00534224
ZC3H8,2.78538,0.00559021
GLIS3,-3.16526,0.00166309
ERICH1,3.93889,9.59E-05
CALB1,-3.00841,0.00278536
LIPG,-3.16616,0.00165809
KDM8,4.26065,2.52E-05
GLTSCR1L,5.2479,2.45E-07
ZNF333,2.61972,0.00912138
CHRM5,2.87206,0.00428609
PTCD3,4.34163,1.78E-05
RNF11,-2.60312,0.00956742
CYFIP2,3.70962,0.000235671
SH2D1A,2.76888,0.00587584
PPFIA1,-3.22424,0.00136244
ENC1,-3.00699,0.0027981
RASSF3,3.00048,0.00285728
ABHD8,-3.0334,0.00256929
GRB2,3.73294,0.000215521
GRB14,-2.90659,0.00384875
RAPGEF1,3.35387,0.000869759
SPEN,3.6113,0.000341768
STK38L,2.96588,0.00319165
CNOT1,2.67367,0.00779739
DAZAP1,2.9605,0.00324669
LINC00515,3.23214,0.00132623
GALNT8,3.80072,0.000165782
SLC38A6,-3.58984,0.000370247
TRAF5,2.76753,0.00589989
ZHX1,2.63786,0.00865514
TRIAP1,2.76366,0.00596893
MEX3C,4.85859,1.68E-06
EIF5A2,-2.67504,0.00776608
BCCIP,-2.75612,0.0061057
ELOVL7,-2.97037,0.00314636
LYPD1,-2.96343,0.00321661
NR2C1,2.61364,0.00928256
RIPK4,-5.08153,5.66E-07
UGT2B17,3.97693,8.23E-05
ASB8,3.77468,0.00018345
SYT12,-3.22571,0.0013556
SSX2IP,-3.73452,0.000214213
TP53INP1,5.04606,6.75E-07
GJB3,-3.46395,0.000587423
GJA5,-2.86254,0.00441444
GLRX3,-3.35203,0.000875391
FAM186A,2.62498,0.00898383
AQR,3.01461,0.00273025
CEP152,2.66082,0.00809585
PCNX1,2.93855,0.00348059
LIMCH1,-2.86184,0.004424
UBE2QL1,2.78071,0.00566979
KDM7A,3.17395,0.00161522
TMEM51,-2.67123,0.00785316
NQO1,-2.66691,0.00795305
CYB5R3,-4.64614,4.54E-06
DHPS,3.68371,0.000260129
DHODH,3.43086,0.000661704
LOC400958,3.28804,0.00109439
ATXN7L3B,3.40061,0.000737186
TTF1,3.506,0.000504245
LETM1,2.81009,0.00518598
NR2F2,-3.81167,0.000158844
HIST1H1D,4.46997,1.01E-05
B3GNT2,2.91982,0.00369233
TUFT1,-4.21637,3.05E-05
CXorf36,4.70968,3.38E-06
PPM1D,4.56539,6.57E-06
FAM46D,2.6913,0.00740372
CLIP4,-3.92963,9.96E-05
SFTA1P,-3.71208,0.000233463
ZNF283,-3.31328,0.00100255
SLC25A42,3.68452,0.00025933
PPFIBP1,-3.39599,0.000749412
PPFIBP2,3.69742,0.000246905
C1QTNF3,2.94733,0.0033853
PRTN3,2.62223,0.0090555
HTRA1,-3.2183,0.00139024
KLK10,-3.23768,0.00130136
PRSS8,-2.709,0.00702656
KLK6,-3.59792,0.000359271
CACUL1,-4.23538,2.81E-05
THAP2,3.76561,0.000190007
WDR33,3.56855,0.000400685
LRRC25,4.8489,1.76E-06
FRRS1L,2.90535,0.00386379
PLCL2,3.86984,0.000126353
ARHGEF9,2.62809,0.00890339
FOXB1,-3.2235,0.00136586
LOC100129620,3.6051,0.000349774
NUP210,4.28108,2.31E-05
STYK1,-4.79885,2.23E-06
SET,3.47472,0.000564979
THUMPD1,2.96733,0.00317697
TAS2R14,3.09701,0.00208693
ZNF112,-3.98412,7.99E-05
F11R,-2.71643,0.00687362
FAM83H,-3.56837,0.000400949
LAMB3,-4.41586,1.28E-05
LAMB2,-4.00366,7.38E-05
LAMB1,-4.59368,5.78E-06
LAMA5,-3.34999,0.000881711
LAMA4,-2.90111,0.00391532
SRP72,3.08495,0.00217139
RAB37,4.28485,2.27E-05
POMGNT1,-4.82101,2.00E-06
MAGEH1,3.04515,0.00247312
NOB1,2.67199,0.00783576
NSUN6,2.89009,0.00405238
IQSEC1,3.94019,9.54E-05
PAN2,4.37881,1.51E-05
ENTPD1,3.25277,0.00123583
ALCAM,-2.94937,0.00336343
FAM208A,4.17598,3.61E-05
CCDC69,2.73786,0.0064488
CBY1,-3.41919,0.000689914
CNFN,-2.95212,0.00333427
HIST1H3D,3.1789,0.00158855
TGS1,2.87316,0.00427158
EIF3E,5.05128,6.58E-07
INSR,4.64248,4.62E-06
GABPA,4.05406,6.01E-05
GABPB1,4.48947,9.25E-06
DCP2,3.36641,0.000832168
GABRA4,3.6811,0.000262727
PIP5K1A,-3.97015,8.46E-05
OXA1L,2.58888,0.00996563
LOC100507389,2.85668,0.00449516
LYRM7,3.67395,0.000269952
PPIL3,3.00494,0.00281664
SFT2D3,3.01404,0.00273529
PJA1,-4.3874,1.45E-05
LOC100506388,3.23001,0.00133587
ELMO1,4.6608,4.25E-06
SCAI,4.18094,3.54E-05
CEP57L1,2.59606,0.00976305
SLC2A4RG,-2.76705,0.00590839
CCDC86,-3.07278,0.00225985
TLE1,-3.35732,0.000859259
ATP5B,2.94582,0.00340155
DUSP22,4.05894,5.89E-05
TPM1,-5.12237,4.62E-07
TPD52L1,-4.4905,9.21E-06
MLF2,-4.33289,1.85E-05
CLTB,-3.25273,0.00123599
PTP4A2,2.68879,0.00745855
MORN2,-4.43989,1.15E-05
MFAP5,-3.24449,0.0012714
MCM3AP,3.52613,0.000468469
TMCO5A,3.04887,0.0024434
JOSD2,-3.79767,0.000167763
FOXN3,5.8537,9.75E-09
XPO7,3.43762,0.000645858
ZNF292,3.56342,0.000408373
SAMD4A,-3.31299,0.00100355
MAST3,3.67961,0.000264217
KDM6B,3.95802,8.88E-05
RBM45,2.62573,0.00896451
KIFC2,-2.95362,0.00331842
RAD54L2,2.85559,0.00451031
DENND4B,3.3041,0.0010351
OR1Q1,3.03698,0.0025396
PHF8,3.25182,0.00123984
MYOF,-5.36035,1.38E-07
CAPN2,-3.32583,0.000959613
NARF,2.64015,0.00859788
GPATCH8,2.98412,0.0030112
MAP4K3,-3.89795,0.000113009
MUC1,-2.80976,0.00519123
NDUFS2,2.78298,0.00563106
NFIB,-2.62416,0.00900528
ZNF488,-3.52361,0.000472812
VWCE,2.77675,0.00573803
PXN,-4.2315,2.86E-05
XPOT,4.54073,7.35E-06
N4BP2L2-IT2,5.5602,4.82E-08
SYCP2L,2.64819,0.00839939
ODF1,2.88887,0.0040679
SDE2,3.30785,0.00102169
CYP2R1,2.62093,0.00908939
MB,-3.15022,0.00174901
FAM53B,2.96883,0.00316182
EIF3D,4.18836,3.43E-05
B3GNT3,-2.96988,0.00315128
CLIC6,2.85838,0.00447155
CADM4,-3.48102,0.000552227
ZNF793,-2.82654,0.00493178
GNA11,-3.37478,0.00080791
GML,2.9435,0.00342657
GMFB,-4.24296,2.72E-05
STX8,2.67366,0.00779756
ST8SIA4,5.68756,2.43E-08
S100A2,-5.14496,4.13E-07
S100A3,-2.74025,0.00640293
S100A6,-3.16806,0.00164752
ODF2,3.54337,0.000439717
SART3,4.68492,3.80E-06
KNTC1,4.74019,2.93E-06
SETD1A,2.78619,0.00557653
IFNAR2,2.80829,0.00521456
PAXIP1,2.80625,0.00524697
CAV2,-5.0069,8.18E-07
KRT14,-2.92117,0.00367665
C6orf99,-3.35173,0.000876312
PGGT1B,4.53075,7.69E-06
CDC14A,3.38945,0.000766999
VPS9D1,-3.08794,0.00215016
SNX21,-3.35875,0.000854932
TMED9,-3.97128,8.42E-05
PKP3,-4.30453,2.09E-05
NHS,-4.11736,4.62E-05
ISOC2,-3.47133,0.000571954
ABHD17B,2.66923,0.00789934
BRIP1,4.41692,1.28E-05
EVI5L,-2.76818,0.00588831
PTEN,4.08609,5.26E-05
GATSL3,-2.81594,0.00509419
TMEM45A,-3.22188,0.00137342
SLC5A10,3.05886,0.00236512
ODF3L1,-2.84093,0.00471877
UACA,-2.81014,0.00518523
ZC3H7A,3.71386,0.000231875
ZCCHC4,2.82112,0.00501427
ZBTB44,2.65605,0.00820939
COL12A1,-2.69677,0.0072852
ATP5A1,3.76636,0.000189455
FAM117B,2.82909,0.00489336
RAB14,3.45144,0.000614535
SIAH2,3.13807,0.0018214
DDX55,4.10481,4.87E-05
AHR,-2.74211,0.00636747
SIAH1,3.80509,0.000162978
INIP,2.76857,0.00588135
PTGES,-3.49782,0.000519506
ZNF205,-4.2522,2.61E-05
ZNF204P,-2.98472,0.00300541
S100A14,-2.92464,0.0036367
LCT,3.50417,0.000507623
LCN2,-3.26793,0.00117306
LCP2,4.70494,3.46E-06
LCP1,3.00432,0.00282226
LBR,3.80107,0.000165553
HIST1H2AL,5.25237,2.40E-07
HIST1H2AM,4.08793,5.22E-05
TMEM179B,-3.19804,0.00148919
TNRC6C,3.7437,0.000206781
G3BP2,3.41582,0.000698278
MIPOL1,-2.93947,0.00347052
ZFPL1,-4.22409,2.95E-05
FEM1A,6.25167,1.01E-09
ELAC1,3.22016,0.00138148
SLTM,4.07217,5.57E-05
LSP1,4.59101,5.85E-06
FAM84B,-3.16895,0.00164262
IRF5,2.68833,0.00746869
IRF4,4.18705,3.45E-05
PSAT1,3.13292,0.00185286
MAK16,5.23155,2.67E-07
GPR84,3.49028,0.000533971
BMF,3.40312,0.000730622
CLEC4F,2.68025,0.00764814
ADAM1A,3.63858,0.000308536
ADGRG6,-2.89441,0.00399822
IL13RA1,-3.24283,0.00127862
IL12RB1,4.8784,1.52E-06
PA2G4,3.98808,7.87E-05
ASPH,-3.90502,0.000109869
MSH3,3.324,0.000965744
ITGB8,-4.74885,2.82E-06
RNF145,-3.11234,0.00198389
CD79B,2.74869,0.0062432
CD79A,2.64204,0.00855088
MED30,3.06484,0.00231937
BCL2L2,-3.55583,0.00041998
TMEM125,-2.62901,0.00887993
BCL2L1,-3.50262,0.000510503
EDEM3,3.87308,0.000124743
MAZ,3.50986,0.000497193
MS4A6A,3.68067,0.000263153
MS4A5,3.40986,0.000713281
PIK3C2B,2.76934,0.00586775
PRRC1,3.53984,0.000445463
CTBP1-AS2,3.25836,0.0012123
BMP8B,2.80732,0.00522998
MT4,-3.13104,0.00186449
SLC12A8,-3.50636,0.000503589
HSDL1,2.76224,0.00599453
HMGN4,2.88451,0.00412348
ZBTB18,2.87512,0.00424564
HERC1,3.15063,0.00174658
RBMX,4.4739,9.92E-06
TSPAN6,-4.90753,1.33E-06
TSPAN4,-4.24703,2.67E-05
HAL,2.6118,0.00933177
AGTRAP,-2.80531,0.00526202
TAF3,3.62377,0.000326186
ZNF407,2.66426,0.00801509
TTTY12,2.60909,0.00940469
FAM46B,-4.3534,1.69E-05
ATF5,4.66424,4.18E-06
RHOD,-3.05842,0.00236849
ANGEL2,3.32694,0.00095589
CSRP2,-3.40278,0.000731527
REL,2.66306,0.0080431
MIR22HG,-3.37037,0.000820596
PTPRO,2.94848,0.00337297
ARHGAP19,5.11913,4.70E-07
TCF12,3.1617,0.00168308
MET,-5.59482,4.01E-08
PRKDC,5.38042,1.24E-07
IGLL3P,4.05453,6.00E-05
LRP5L,3.0945,0.00210425
TSEN34,-6.17141,1.60E-09
ZNF830,3.14011,0.00180903
AOAH,3.15998,0.00169282
ANXA11,-3.18118,0.00157639
APAF1,3.32135,0.000974718
POLI,3.43347,0.000655546
KLK8,-3.92558,0.000101201
TXNRD3,-3.9493,9.20E-05
PPP1R3B,2.82168,0.0050057
MBTPS2,-2.76455,0.00595293
UBR5,4.86103,1.66E-06
MRPS6,-3.00309,0.00283346
TNS3,-3.17669,0.00160044
TUBA1C,-3.09136,0.00212612
SMURF2,-3.70477,0.00024008
PDCD4,4.75357,2.76E-06
TCEAL9,-3.3499,0.000881976
TULP3,-3.24963,0.0012492
S1PR4,5.39885,1.13E-07
FOXD1,-3.46128,0.000593122
FOXC1,-2.99744,0.00288533
LAMP1,-2.67969,0.00766084
RPL14,2.96161,0.00323527
PWAR5,3.27255,0.00115453
TCERG1,4.14621,4.10E-05
HYAL2,-3.20078,0.00147544
SCGB1D1,2.6503,0.00834803
CAMKK2,6.21764,1.23E-09
P2RX1,4.63939,4.69E-06
SALL1,-2.96359,0.003215
SAFB,4.1301,4.38E-05
VPS52,-3.10129,0.00205763
YLPM1,3.93527,9.73E-05
TCTN3,-2.90758,0.00383688
PRPF31,-3.32772,0.000953287
KIF1BP,-4.53623,7.50E-06
PERM1,-2.85611,0.00450306
SIX5,-3.76266,0.000192188
LAPTM5,3.64276,0.000303721
MIER3,3.33492,0.000929561
RNF122,3.76558,0.000190029
SCMH1,2.98954,0.00295935
EPB41L1,-3.14675,0.00176938
EPB41,5.32469,1.66E-07
NONO,2.80154,0.00532286
SLC37A3,-3.22762,0.00134681
PFDN1,-3.216,0.00140116
ATP8B1,-3.049,0.00244237
PFDN5,2.84519,0.00465723
RILPL1,-3.27299,0.00115276
ZNF317,3.11941,0.00193795
BIK,-3.60902,0.000344691
PRDM1,2.69263,0.0073748
C21orf58,3.51763,0.000483278
ARL11,3.28407,0.0011095
NPHP1,-4.18274,3.51E-05
ANKLE1,3.13606,0.00183365
ARRB2,2.71166,0.00697156
USP37,3.29361,0.00107345
MBOAT2,-4.4044,1.35E-05
SEPT7P2,2.93008,0.00357497
DLEU2,2.58187,0.0101668
TMEM40,-3.50986,0.0004972
PGBD3,-3.72991,0.000218044
BRD1,3.80261,0.000164561
SEC14L1,-2.71867,0.00682793
SH3GL1,-3.13068,0.00186671
ANKRD1,-3.77666,0.000182045
HIVEP3,-2.83615,0.00478854
STAU2,3.6454,0.000300713
ATP6AP1,-2.79761,0.00538677
RIPPLY1,2.59055,0.00991796
CAV1,-3.37291,0.000813285
HP1BP3,2.69906,0.00723614
ZNF185,-3.51002,0.000496904
HIST1H2BH,2.58655,0.010032
LGALS3BP,-3.9204,0.000103319
N4BP2,3.79623,0.000168705
EBLN2,3.07771,0.00222363
GIMAP1,3.34916,0.000884268
HIST1H3B,4.25475,2.59E-05
KRTAP13-1,2.79216,0.00547658
HIST1H3A,3.90129,0.000111512
HIST1H3I,3.4317,0.000659709
HIST1H3G,4.10745,4.82E-05
CD244,3.65965,0.000284963
CEP44,5.07662,5.80E-07
PARVA,-3.9785,8.18E-05
SCARA3,-3.33142,0.000941014
PARD3B,-3.6445,0.000301733
TRIM6,-3.95917,8.84E-05
LY9,5.4233,9.93E-08
LYL1,2.96558,0.00319468
C1orf162,3.0883,0.00214759
LY75,3.02928,0.0026038
OR7A17,3.40715,0.000720223
PTPN14,-4.4905,9.21E-06
PTPN11,2.58874,0.00996942
PTPN12,-3.84838,0.000137529
PTPRC,3.44611,0.000626453
IL16,3.48065,0.000552962
FOXK2,2.9113,0.00379238
IL18,-4.33009,1.87E-05
ILF3,4.03665,6.45E-05
AGAP2,3.43136,0.000660505
NR2C2,2.79246,0.00547154
CDC25A,2.85384,0.00453471
ANKRA2,2.89035,0.00404917
PPIL1,-2.74732,0.00626899
GPRC5C,-2.81406,0.00512355
GHRL,-3.20199,0.00146939
CARNS1,3.13374,0.00184783
ARID1B,5.04847,6.67E-07
CD37,3.59192,0.000367398
ARSJ,-3.29004,0.00108683
ZCCHC3,5.0231,7.55E-07
CBLL1,2.7755,0.00575977
SCNN1A,-3.94607,9.32E-05
FLJ23867,-3.20556,0.00145172
SCNN1B,3.39797,0.000744151
TAB1,2.65103,0.00833038
BAIAP2,-5.01919,7.70E-07
TSPAN2,-3.29377,0.00107289
TSPAN1,-3.78755,0.000174507
PDS5B,4.94196,1.12E-06
TNFAIP1,-4.46646,1.03E-05
TNFAIP2,-3.35258,0.000873704
MON2,3.07122,0.00227148
RHBDD1,3.6084,0.000345493
KBTBD8,3.27889,0.00112955
TMEM185A,-3.77129,0.000185877
DECR1,3.83954,0.000142399
BCKDHB,3.26731,0.00117557
BCL2,5.65681,2.87E-08
ATG5,-4.72976,3.08E-06
GPR1,-2.59079,0.00991123
ICAM2,2.97238,0.00312627
MAP3K1,4.02568,6.75E-05
RAB8A,3.36458,0.000837567
LOC642852,-3.60435,0.000350763
CDT1,3.88855,0.000117316
EAPP,2.80989,0.00518911
PRKCB,3.48869,0.000537051
BTK,3.16032,0.00169084
ZNF280C,2.68072,0.00763761
ALS2CR12,3.10125,0.0020579
APLP2,-2.8234,0.0049794
SERPINB7,-3.22237,0.00137111
CHAF1A,3.16615,0.00165812
CRNKL1,3.60691,0.000347418
ANAPC5,4.51229,8.35E-06
TAOK3,2.83918,0.00474423
TMEM158,-3.17799,0.00159343
CCDC28A,3.20169,0.00147091
IFFO1,3.45091,0.000615707
HIST1H4A,3.13124,0.00186326
FAM110C,-2.79766,0.00538594
GMFG,5.60127,3.87E-08
GPR161,-4.31932,1.96E-05
AP4E1,2.79558,0.00542008
TARDBP,3.83981,0.000142249
ZNF276,3.14542,0.00177726
FBXO4,2.88029,0.00417797
CARMIL1,-2.69011,0.00742976
SPSB2,-4.55885,6.77E-06
TIGD5,-2.83817,0.00475896
LONRF1,4.12267,4.52E-05
SLC25A40,3.29732,0.00105974
BAIAP2L1,-3.53914,0.000446612
GNG12,-4.13653,4.27E-05
RPGR,2.68015,0.00765043
EHD1,-2.91032,0.00380409
CGN,-2.78314,0.00562834
FBXO41,3.37453,0.000808636
USP53,-2.83777,0.00476473
ITGA8,2.78857,0.00553659
TRPM7,5.26183,2.29E-07
RAB1B,-2.94926,0.00336463
WIPI2,4.06109,5.84E-05
RAB18,-3.05092,0.00242711
SNW1,2.63601,0.00870166
TET3,4.49439,9.05E-06
RBFA,2.73931,0.00642101
C9orf116,-2.86434,0.00438985
TCTN2,-2.74011,0.00640553
TREML2,2.62624,0.0089512
MEPE,3.27251,0.00115468
NT5M,2.66658,0.00796085
CTCF,5.07097,5.97E-07
CTTN,-4.41688,1.28E-05
CGRRF1,-3.56632,0.000404007
EMD,-3.54882,0.000430975
EMP2,-2.77,0.00585603
EMP1,-4.59953,5.62E-06
CNOT11,3.45019,0.000617303
HIST1H3C,4.12986,4.39E-05
LCE1B,3.20087,0.00147498
PRPF8,2.65369,0.00826595
PDP1,-3.48777,0.000538857
PRKY,3.18217,0.00157113
EML4,2.71439,0.00691527
TOR2A,3.29769,0.00105839
MAT2B,3.98107,8.09E-05
ORMDL2,-4.09081,5.16E-05
CECR6,4.15021,4.03E-05
C12orf56,-2.65599,0.00821071
SLCO3A1,-2.78294,0.0056317
MTMR4,4.87506,1.55E-06
CMTM4,-3.157,0.00170979
ZNF592,3.77367,0.00018417
MIB1,3.13521,0.00183884
ABCD3,-4.2238,2.95E-05
ATAD2,2.64056,0.00858778
ZNF596,3.52435,0.000471527
ZNF165,-2.86146,0.00442924
CAPZB,-2.86102,0.00443517
LARP6,-3.73191,0.000216377
MORF4L2,-2.86829,0.00433652
ARHGAP15,3.60467,0.000350337
PPIP5K2,4.88941,1.45E-06
FMNL1,4.70545,3.45E-06
TNFRSF8,3.05774,0.00237372
CASP3,2.9868,0.00298548
HNRNPL,3.06037,0.00235349
LMNA,-3.23934,0.001294
LMNB1,3.24522,0.00126823
RBM15B,4.28877,2.23E-05
LHX1,-2.68448,0.0075538
LIFR,-3.31636,0.000991831
LIF,-3.60961,0.000343933
INHBB,-3.99228,7.73E-05
INHBC,3.33973,0.000914041
USP7,3.84018,0.000142038
TRIM65,5.39089,1.18E-07
ASB1,3.11256,0.00198244
CASP2,4.56135,6.69E-06
PDGFC,-3.98684,7.91E-05
PLCD3,-3.08432,0.00217588
HNRNPK,3.23541,0.00131149
ACOT12,2.77416,0.00578312
ARHGEF6,3.55113,0.000427328
PLEK,3.16079,0.0016882
ATP11C,3.44661,0.000625308
SLMAP,2.62809,0.00890346
ATXN7,4.16405,3.80E-05
LRPPRC,4.04122,6.33E-05
IQCB1,2.5959,0.00976754
ZNF263,2.97265,0.00312354
LYPLA1,3.18609,0.00155051
DUSP23,-2.88872,0.00406976
ADPRHL2,-3.76447,0.000190845
LY86,3.23,0.00133592
IDH2,2.79075,0.00550009
SYAP1,-3.8845,0.000119217
GADD45A,-2.6776,0.00770802
DDB2,2.77639,0.0057442
CPSF7,2.87931,0.00419069
SERTAD3,-2.60944,0.00939531
PADI1,-2.65519,0.00822993
GOLGA4,-2.7811,0.00566306
GOLGA2,-2.5865,0.0100336
LRRC42,-6.53634,1.84E-10
MRPS27,5.41206,1.05E-07
TNFRSF17,3.92473,0.000101545
PRIM1,2.74175,0.00637422
PATL2,2.67169,0.00784259
FSTL4,3.85248,0.000135325
DERL3,2.82936,0.0048894
TEF,-4.09576,5.06E-05
DIP2A,3.01702,0.00270909
LARP4B,3.71439,0.000231408
SSBP2,2.95551,0.00329859
KCNE5,3.12087,0.00192856
SLC10A2,5.27862,2.10E-07
SLC10A3,-4.81074,2.10E-06
ATL3,-2.74183,0.00637268
ITM2A,4.37537,1.53E-05
RAB5C,-4.52575,7.86E-06
ABCB10,3.37004,0.000821556
DIMT1,3.99291,7.71E-05
SHROOM2,-2.59572,0.0097725
PHLDB1,-4.50426,8.66E-06
XPC,3.38419,0.000781436
RPE,-2.78663,0.00556916
APOBR,2.86618,0.00436494
CTTNBP2NL,-4.34488,1.75E-05
TRIM52,2.91,0.00380789
RNF7,-3.00069,0.00285535
TMED2,2.87226,0.00428347
PNRC1,4.31147,2.03E-05
LRIG3,-3.16749,0.00165069
FGF14,2.78403,0.00561307
DOCK11,3.87566,0.000123472
GDA,-4.19181,3.38E-05
CD93,2.67758,0.00770851
NCBP2,3.92706,0.000100601
GNB2,-2.67873,0.00768256
CDC42EP3,-2.72165,0.00676785
PLSCR2,-2.58144,0.0101794
ERCC4,2.74025,0.00640301
STARD9,5.08186,5.65E-07
MTMR10,4.33061,1.86E-05
INO80D,4.07021,5.62E-05
ALKBH5,2.64513,0.00847434
SNHG5,2.79382,0.00544914
PXK,2.62832,0.00889766
FAM193B,2.82554,0.00494689
RC3H2,-3.00181,0.00284514
RPRD1A,3.80638,0.00016216
TEX19,3.43053,0.000662487
DDX58,-2.59811,0.00970576
PTDSS1,3.10525,0.00203091
WASL,-4.22633,2.92E-05
UBN2,3.06392,0.00232635
DPY30,-4.15434,3.96E-05
GLIS2,-3.0408,0.00250835
COX18,6.11023,2.28E-09
NLRC3,3.33171,0.000940062
WLS,-2.91719,0.00372296
C21orf33,3.04564,0.00246916
HIST1H2BG,4.80838,2.13E-06
IRAK4,4.56506,6.58E-06
ARHGAP29,-5.21744,2.87E-07
SECISBP2,3.25056,0.00124521
LOC730236,2.94638,0.00339554
OR51B6,2.8112,0.00516854
TK1,-3.07296,0.00225851
TJP1,-4.72776,3.11E-06
SCRN1,-4.84864,1.76E-06
SIX1,-3.7989,0.000166961
MIAT,2.58907,0.00996004
TCF20,2.73307,0.00654163
DEFB127,2.71561,0.00689032
KLHL29,-3.10524,0.002031
PLA2G6,2.68939,0.00744542
ALG10B,4.08721,5.24E-05
SNAI3,2.86788,0.00434201
PPM1J,-3.5632,0.000408703
PIP5K1B,3.21961,0.00138405
TEDDM1,2.62445,0.00899765
CLDN7,-3.11585,0.00196095
CLDN3,-2.96939,0.0031562
MRPL42,3.44918,0.000619556
LPP,-4.48899,9.27E-06
LRRK2,3.13945,0.00181301
VPS4B,3.16473,0.00166603
C4orf46,6.12377,2.11E-09
LMAN1,2.68847,0.00746566
FADS3,-3.48088,0.000552506
USP13,3.25676,0.00121901
SERPINH1,-3.3579,0.000857512
METTL14,4.57064,6.42E-06
TNKS1BP1,-4.10158,4.94E-05
NCOA5,3.98797,7.87E-05
TUBG2,-2.61441,0.00926192
SLC39A1,-5.24513,2.49E-07
SREK1,3.41028,0.000712219
DHFR2,3.30039,0.00104852
KIAA1147,3.26089,0.00120184
UBXN7,3.11333,0.00197738
TTC23,-2.61667,0.00920175
ZNF579,-3.19729,0.00149293
LOC100268168,-4.1845,3.49E-05
CXCL5,-2.8533,0.00454235
YAP1,-3.71132,0.000234144
SUGP2,3.21306,0.00141524
CDK16,-3.63111,0.000317318
TRIP10,-3.81826,0.0001548
TRIP11,-2.58431,0.0100963
PARP16,4.42255,1.25E-05
TXNL4B,2.96137,0.00323779
GLE1,3.73027,0.000217744
MND1,3.68841,0.000255527
ZCCHC18,2.87913,0.00419308
ELAVL1,4.73883,2.95E-06
ELF1,3.37611,0.000804126
ELF3,-2.85093,0.00457568
ELF2,3.37268,0.000813942
VMA21,2.71271,0.00694977
KRT10,-3.55054,0.00042826
ZNF169,3.45054,0.000616533
GPR39,-4.40649,1.34E-05
AXL,-4.07562,5.50E-05
CSF2RB,4.15536,3.94E-05
CLK3,3.33027,0.000944819
C19orf43,2.85598,0.00450482
DBNDD1,-3.20779,0.00144079
CLU,-2.89985,0.00393087
CLK1,3.12316,0.00191396
FOXN2,3.24798,0.00125627
CCDC57,3.06242,0.00233778
CTAGE5,2.71251,0.00695391
KITLG,-2.68722,0.00749318
PPP3CC,3.86593,0.000128321
PPP3CB,2.61965,0.00912317
PPP6C,5.184,3.39E-07
PPP3R1,4.15112,4.01E-05
ARHGAP39,-3.06802,0.00229537
SLC4A3,-3.01572,0.00272048
INHBE,2.60633,0.00947971
ISYNA1,-2.78367,0.0056193
LIMA1,-4.45798,1.06E-05
SLC25A1,-2.95701,0.00328296
SYF2,2.72519,0.00669703
ZNF138,2.61126,0.00934626
SIN3A,5.64575,3.05E-08
BRD4,2.58032,0.010212
ISCU,3.07524,0.00224171
FBXO43,3.55801,0.000416612
VTCN1,-2.69271,0.00737293
CD151,-4.42724,1.22E-05
PCK2,3.14113,0.0018029
HOXA10,-3.45882,0.000598399
ARL4D,-3.34944,0.0008834
ARF4,-3.01999,0.0026832
XRCC5,3.27924,0.00112817
TCF3,3.58553,0.000376236
FAM78A,5.06713,6.08E-07
TCF4,3.01364,0.00273884
RPL22,4.9783,9.40E-07
ZSCAN2,4.25256,2.61E-05
FERMT2,-2.69715,0.0072771
RBM12B,3.9244,0.00010168
PLEK2,-2.64463,0.00848673
OR8G2,2.87986,0.00418351
PORCN,-3.34045,0.00091172
OR8G1,2.58387,0.010109
ZC3H6,3.47839,0.000557515
FHL2,-4.6933,3.65E-06
C21orf62,2.95262,0.00332899
RAP2B,2.64092,0.00857871
HOXA4,-2.96427,0.00320809
STARD7,4.09364,5.10E-05
EPHB4,-2.70618,0.00708553
EPHX1,-3.73097,0.000217154
ARHGEF5,-2.85619,0.00450192
LPXN,2.98078,0.00304352
HRASLS,-3.55374,0.000423237
CEP128,2.6679,0.00793006
ARHGAP9,3.8721,0.000125228
MRPL17,-3.94466,9.37E-05
TAS2R38,4.20634,3.18E-05
TMEM56,-3.20065,0.00147607
UBE2B,3.48901,0.000536428
UBE2D3,3.01858,0.00269553
PDCD7,4.4299,1.21E-05
CLVS1,2.64269,0.00853476
CDK5R1,3.10907,0.00200542
RAD52,3.0398,0.00251647
LY6K,-3.04285,0.00249171
LEPROT,-4.35588,1.67E-05
JRK,3.90596,0.000109457
C1orf54,4.45979,1.06E-05
EFL1,3.86087,0.000130915
TMEM68,2.70986,0.00700875
DHRS3,-4.23607,2.80E-05
CDA,-3.18307,0.00156642
PI3,-4.13054,4.37E-05
DCAF8,4.25483,2.59E-05
SLC7A6,2.92588,0.00362252
GIGYF1,3.79909,0.000166839
PPP4R1,-3.93903,9.59E-05
RCE1,-3.75225,0.000200079
FGFBP1,-4.3275,1.89E-05
LILRA2,2.58984,0.00993812
ARSF,2.73619,0.00648099
ATF6B,3.68508,0.000258781
ATF2,3.40197,0.000733633
CREBBP,3.17474,0.00161095
CRABP2,-2.79502,0.0054292
AGTPBP1,3.07979,0.00220849
PPME1,-5.57299,4.50E-08
TBL1XR1,2.71163,0.00697204
ECRP,2.83887,0.00474875
MSS51,2.73913,0.00642441
LSR,-2.94156,0.00344764
CCDC24,-4.57815,6.20E-06
SERINC2,-3.78324,0.000177453
NXN,-3.42924,0.000665551
B3GLCT,-3.33046,0.000944195
KLF13,4.02648,6.73E-05
SLC25A39,-3.18323,0.00156555
KIAA0430,5.22513,2.76E-07
LOC100507630,-2.58598,0.0100484
SAV1,-3.08999,0.00213575
CREB3L4,2.73065,0.00658901
CPTP,-4.64963,4.47E-06
LIMD2,2.91412,0.00375894
SPAST,2.98527,0.00300013
TTLL13P,2.91141,0.00379112
PAX8,-2.89434,0.00399907
CCL4,3.38759,0.00077209
YIPF6,-3.17151,0.00162855
COQ8A,4.0042,7.37E-05
VAMP3,-4.77926,2.44E-06
DENND1C,3.0409,0.00250753
SERF2,3.54233,0.00044141
NDST3,3.67358,0.00027033
SLC25A13,-4.9082,1.32E-06
DR1,-3.51464,0.00048859
TTC12,-2.95417,0.00331265
KCNAB3,3.53195,0.000458576
HOXC13,-3.12115,0.00192677
EIF4EBP2,4.4608,1.05E-05
DAB1,3.88083,0.000120964
DAD1,-2.76587,0.00592944
DAG1,-4.11406,4.69E-05
PHF6,2.58397,0.0101062
UBTF,3.22761,0.00134685
LPAR4,2.74827,0.00625113
GPR18,3.06561,0.0023135
PPEF1,2.84873,0.00460677
L3HYPDH,-3.08273,0.00218729
IPO9,2.95143,0.00334158
FNDC11,-3.00656,0.002802
C7orf25,-3.27496,0.00114496
SPIRE1,-3.93793,9.63E-05
MRPS7,-2.73916,0.00642382
PPP2R1A,-3.0395,0.00251891
PPP2CB,-3.93017,9.94E-05
CLIC3,-3.81926,0.000154195
HYI,-4.07331,5.55E-05
LEMD1,-2.84444,0.00466806
EEF2K,3.96231,8.73E-05
UBP1,3.27739,0.0011354
KRT73,3.83228,0.000146522
SH3BP4,-3.67977,0.000264056
PKI55,2.66167,0.00807585
HADH,4.34471,1.75E-05
GULP1,-2.95231,0.00333227
KIAA1429,4.17573,3.62E-05
C1orf53,-3.15491,0.00172177
PSORS1C1,-3.58127,0.000382234
CBX7,3.01029,0.00276853
PRICKLE1,-2.73476,0.00650872
TMEM143,2.74607,0.00629248
RPL38,3.40923,0.000714909
RPL35A,3.55723,0.000417809
IL17RC,-4.35034,1.71E-05
SLC27A5,3.27019,0.00116398
BCLAF1,4.1749,3.63E-05
TLDC1,-3.40098,0.000736223
FCGR3B,3.23274,0.0013235
MAP2K5,5.08081,5.68E-07
NDUFS8,-2.74022,0.00640347
BFSP1,-2.83594,0.00479164
KBTBD11,3.1744,0.00161282
RPL11,2.78488,0.00559866
RNF10,4.95236,1.07E-06
MAP2K7,4.72357,3.17E-06
CEACAM21,3.49356,0.000527638
CDYL,2.68917,0.00745034
PIK3C3,3.10981,0.00200055
PIK3C2A,-3.03624,0.00254572
ZNF720,3.87155,0.000125499
PROK2,2.85885,0.00446503
HSPB11,-4.40757,1.33E-05
UBTD1,-5.08112,5.67E-07
UBE2O,3.19142,0.00152288
TYRO3P,2.78901,0.00552921
TEAD3,-3.56724,0.000402639
CBFB,5.90639,7.26E-09
PATJ,-3.42263,0.000681492
DHRS2,-2.80918,0.00520041
TGFBR2,-2.79767,0.00538575
LOC100506974,2.87092,0.00430134
WAC,2.58243,0.0101506
LINC00494,2.66048,0.00810408
HAUS1,2.75246,0.00617315
RGS20,-2.89379,0.00400597
MTMR6,2.71692,0.00686358
NUP214,3.36908,0.000824348
MPP3,-2.90906,0.00381916
MPST,2.58512,0.0100731
MPO,3.13083,0.00186584
LILRB4,5.00314,8.33E-07
HMBOX1,3.85411,0.000134457
MRPL49,-2.87768,0.00421201
MGLL,-2.9303,0.00357243
PTGR2,-2.72048,0.00679142
MRPS18C,2.92573,0.00362428
PARPBP,2.67102,0.00785796
ZNF778,-2.60066,0.00963509
VPS36,3.88645,0.000118297
MORC4,-4.26514,2.47E-05
GPBP1L1,3.36534,0.000835311
AFAP1,-3.00689,0.00279897
GAL3ST2,3.42193,0.000683205
PDLIM7,-3.53538,0.00045283
TJP3,-3.05229,0.00241632
CYTIP,4.11141,4.74E-05
ZNF385C,2.66764,0.00793622
CCR2,4.16149,3.84E-05
CYTH3,-4.72069,3.21E-06
WDR45B,-2.67286,0.00781572
ZNF275,2.87387,0.00426213
PLRG1,3.35083,0.000879116
ZNF700,2.70757,0.00705648
TYK2,3.64131,0.000305374
MFN2,-3.02393,0.00264928
GUSBP1,2.63059,0.00883941
PLOD1,-3.27626,0.00113986
LOC100507616,2.81651,0.00508538
PBXIP1,3.85084,0.000136202
RAB33A,2.7285,0.00663132
PLAUR,-3.14652,0.00177073
LOC100287896,-3.79723,0.000168049
RPS6KA4,-3.61561,0.000336304
DSP,-3.91425,0.000105894
SEPHS1,2.91879,0.00370421
SHROOM1,-3.07573,0.00223816
F2RL1,-5.06055,6.28E-07
F3,-5.69657,2.31E-08
C9orf57,3.06146,0.00234513
MDC1,2.86557,0.00437317
EGFR,-4.83154,1.91E-06
RASL10B,2.78035,0.00567597
ZNF101,3.0209,0.00267537
SEMA3G,3.13531,0.00183819
MCCC1,3.0052,0.00281428
ZNF462,-2.68213,0.00760616
CTBP1,4.30995,2.04E-05
HSPA4,-2.89716,0.00396396
HSPA2,-3.86137,0.000130658
PPM1B,2.76185,0.00600156
CTBP2,-3.09151,0.00212505
PDLIM5,-3.7651,0.000190383
TM2D2,-4.15122,4.01E-05
ST6GALNAC2,-2.69187,0.00739123
GAS2L2,3.36606,0.000833185
CNOT6L,5.11176,4.87E-07
SNX25,2.77756,0.00572395
DTWD2,2.94731,0.00338555
RHEB,-2.87241,0.00428152
GNGT1,-2.93783,0.00348859
PAPSS2,-3.56724,0.000402639
GNG11,-3.26889,0.00116918
GNRH1,3.34572,0.000895041
EPN1,-2.9138,0.00376279
NME7,-3.83241,0.000146447
ATP5G2,5.14605,4.10E-07
KLHL6,3.831,0.000147257
TRIM29,-3.41855,0.000691515
KDM5C,2.93467,0.00352358
DIS3L2,2.99252,0.00293129
TSKU,-2.72104,0.00678009
FAM71D,3.14418,0.00178463
KRT17,-3.72235,0.000224457
HIRIP3,3.40229,0.000732795
CDC42BPA,-2.91836,0.00370931
OGT,4.00625,7.31E-05
CRB3,-2.86354,0.00440077
FRY,3.01182,0.00275495
TMEM198B,4.61852,5.16E-06
RGL2,-3.14205,0.00179736
SETD5,3.24868,0.00125326
SETDB2,2.92934,0.00358331
PLA2G16,-2.88154,0.00416177
MRGPRX2,2.91258,0.00377724
ABHD14B,3.06783,0.00229677
ARHGAP5-AS1,-2.71811,0.0068393
LOC100507424,3.8295,0.000148127
SWI5,-4.03864,6.40E-05
RBM14,3.33117,0.000941859
CDC42EP2,-2.94847,0.00337313
MRPS14,3.49695,0.00052116
LAMTOR3,2.64543,0.00846706
OR1A2,3.03441,0.00256094
FECH,3.49205,0.000530544
RBM3,4.64055,4.66E-06
RBL2,3.3678,0.000828102
ZNF584,-3.55562,0.000420305
RBMS2,-5.08452,5.58E-07
CYR61,-4.99442,8.69E-07
UBE2R2,2.9186,0.00370641
ACTR10,-3.02799,0.0026147
ESR1,3.79321,0.000170704
RGS7,-2.85236,0.00455548
MATR3,4.18912,3.42E-05
ALDH3B2,-2.72564,0.00668795
HIST1H3F,5.93301,6.26E-09
NLRP3,3.06634,0.00230803
SH3D19,-3.50544,0.000505281
GRIPAP1,2.65307,0.00828095
SPCS2,5.15085,4.01E-07
ANP32A,3.11165,0.00198839
KIAA1522,-4.59465,5.75E-06
MGC16275,5.37373,1.29E-07
PHYKPL,2.78591,0.0055813
PTK2,-4.71884,3.24E-06
POLR2L,-4.74964,2.81E-06
FRMD8P1,-2.61539,0.00923591
NACAP1,5.28032,2.08E-07
SLC4A11,-3.1523,0.0017369
HDAC4,4.43399,1.18E-05
SERP1,3.82603,0.000150155
IER3IP1,3.40703,0.000720537
TFAP2A,-4.70724,3.42E-06
PLIN3,-2.60391,0.00954576
GDF11,3.46126,0.00059316
DNAJB12,-2.90624,0.00385298
MELK,-3.84267,0.000140653
MYO1G,4.09196,5.14E-05
PRDM2,2.96214,0.00322987
LUZP1,-2.98218,0.00302995
CCDC125,3.4852,0.000543914
FLJ10038,6.57659,1.44E-10
LRRN4,-2.68687,0.00750096
BRCC3,-2.89221,0.00402567
CDKN3,-3.21293,0.00141587
DUSP28,3.09344,0.00211161
GRIK1-AS1,2.60411,0.00954033
SLC9A9,4.1599,3.87E-05
IRF2BP2,3.59113,0.000368478
CNTRL,4.36494,1.61E-05
EIF3G,2.91971,0.00369356
EIF3H,4.45535,1.08E-05
ZXDC,2.86708,0.00435287
HMGN5,3.12785,0.00188436
DNAJB13,-2.70959,0.0070143
SMAD2,2.69505,0.00732235
SMAD4,4.98853,8.95E-07
KDF1,-2.69027,0.00742616
COQ6,-2.88476,0.0041203
MED31,-2.64251,0.00853929
ADARB2-AS1,3.22296,0.00136838
HAUS5,3.01126,0.00275991
SLC44A3,-4.01156,7.15E-05
YEATS4,3.61737,0.000334091
SNTB1,3.13626,0.0018324
NOXA1,-2.82929,0.00489033
SERTAD4,-2.92397,0.00364434
TMX4,2.94074,0.00345661
PTP4A1,2.8238,0.00497326
SHTN1,-3.4022,0.000733035
LYRM4,2.86469,0.00438511
KIAA1586,2.88301,0.00414273
ADGRB1,-3.06748,0.00229944
SNX24,-3.90984,0.000107777
PIKFYVE,5.3803,1.24E-07
SECTM1,-3.66098,0.000283533
TRAPPC2,3.70307,0.000241638
DOCK8,4.51604,8.21E-06
FXN,3.08439,0.00217537
KLHL3,2.85154,0.00456702
LOC100506548,3.69414,0.000250014
DYRK1A,3.05455,0.00239861
DUSP8,-2.92299,0.0036557
DUT,3.27802,0.00113293
DVL1,-3.39404,0.000754602
POLR2D,2.77605,0.00575019
BPIFA4P,2.81905,0.00504614
UTP23,4.98717,9.01E-07
HPX,2.59458,0.00980447
HRAS,-4.27613,2.36E-05
HRH1,-4.42709,1.22E-05
EEF2,4.31194,2.02E-05
PSMB10,3.17629,0.00160257
CRYGS,2.9606,0.00324574
KCTD20,2.65484,0.00823835
BTBD1,2.71432,0.00691671
MS4A7,2.85631,0.00450025
PAFAH1B1,3.24586,0.00126545
MS4A1,2.60698,0.00946203
TOMM20,4.00604,7.31E-05
ERCC6L2,4.40429,1.35E-05
PTAR1,3.0344,0.00256096
TAF13,-3.96396,8.67E-05
PAQR7,-3.66376,0.000280569
METTL16,3.07889,0.00221503
TMEM223,-3.51202,0.000493289
DDN,4.21151,3.11E-05
CLPTM1,-4.54926,7.07E-06
BCL3,-3.13532,0.00183815
PLA2G2E,2.5776,0.0102914
OR8D2,2.82117,0.00501347
RREB1,3.38921,0.000767661
ZNF384,2.67991,0.00765582
DHRS4-AS1,3.91751,0.000104524
PBRM1,4.73952,2.94E-06
DNAJC17,3.72057,0.000225998
EVA1B,-2.62523,0.00897747
BCAR3,-4.97327,9.64E-07
OARD1,3.409,0.00071548
ZKSCAN1,3.27189,0.00115715
PRNT,3.2752,0.00114403
RBMY2FP,3.30212,0.00104224
SEZ6L2,-3.75158,0.000200594
NUPR1,-2.74909,0.00623584
DCBLD2,-4.52882,7.75E-06
ERAP1,3.57164,0.000396126
MATK,2.69252,0.00737716
MATN2,-3.52062,0.00047802
KRT9,-4.03918,6.39E-05
KRT7,-3.16959,0.00163911
KRT5,-3.12646,0.00189309
KRT6A,-3.06239,0.00233803
SMU1,3.5701,0.0003984
GUSBP11,4.89139,1.43E-06
CNOT8,4.35505,1.68E-05
LOC100130428,2.70412,0.00712884
LIN9,3.16486,0.00166529
RARS,-2.99965,0.0028649
RARG,-3.20936,0.00143314
HDAC11,-4.57228,6.37E-06
PLBD1,-3.01195,0.00275375
ZNF783,2.61728,0.00918573
TM6SF1,3.39998,0.00073883
RNF169,2.97379,0.00311221
WDR48,3.4029,0.000731193
SOGA1,-2.67931,0.0076694
ZMAT2,-3.42113,0.000685151
SUDS3,5.13743,4.29E-07
INF2,-2.66455,0.0080081
P2RY8,4.47124,1.00E-05
JAKMIP1,2.88336,0.00413821
THEMIS,4.7144,3.31E-06
GARS,3.52277,0.00047427
MTHFD2,3.27968,0.00112648
FRAT1,4.65359,4.39E-06
GNE,-2.72762,0.00664867
HIST1H4E,3.97291,8.36E-05
SPICE1,2.90057,0.00392203
LONP1,3.29279,0.00107653
SPPL3,2.85665,0.00449551
SPA17,-3.51059,0.000495878
KCNMB2,3.6117,0.000341253
RNF187,4.21593,3.05E-05
ABLIM3,-3.24335,0.00127638
BIN2,3.43876,0.000643208
CNOT7,3.66531,0.000278928
POLE,3.02347,0.00265326
CEBPA,3.04952,0.00243824
CEBPD,-2.89282,0.00401812
CEBPE,3.31066,0.00101174
PLOD2,-3.88864,0.000117273
ACSS1,5.24008,2.55E-07
PLSCR1,-4.98036,9.31E-07
PLS3,-3.53492,0.000453593
PEBP4,3.41683,0.000695762
ADRM1,-3.36106,0.000848012
SLC35D2,-3.62395,0.000325964
MID2,-3.40769,0.000718838
PIM2,3.46934,0.000576097
CHRAC1,2.66894,0.00790607
ACY3,3.35808,0.000856968
HLA-DPB1,3.06675,0.00230492
KCTD1,-2.72983,0.00660509
RAD9B,2.92855,0.00359225
BEND7,-2.90117,0.00391465
CD207,2.82636,0.00493455
GANC,3.99588,7.62E-05
PDSS1,2.66362,0.00802988
LEMD3,3.2743,0.0011476
ACOT9,-3.80557,0.000162672
PATZ1,3.32707,0.00095544
MUCL1,2.909,0.00381987
HNRNPF,3.15268,0.00173466
GDE1,-3.71561,0.000230329
GIMAP8,4.7647,2.62E-06
ACTR6,2.6579,0.00816525
FBXL2,-4.37084,1.56E-05
BACE2,-3.58823,0.000372477
ARIH1,3.25676,0.00121899
MTO1,3.89956,0.000112286
TBC1D10C,3.76588,0.000189809
MTMR3,3.0931,0.002114
TXN2,2.71396,0.00692421
TMEM184B,-4.47032,1.01E-05
C3orf62,3.71069,0.000234704
UFL1,3.05868,0.00236648
SOX9,-3.80447,0.000163371
SOX12,3.53335,0.000456216
SP1,5.59258,4.05E-08
NMU,-4.71809,3.25E-06
MCPH1,4.10032,4.96E-05
GTPBP3,2.65096,0.00833196
ARL5A,3.56272,0.000409422
LOC100506526,2.69867,0.00724453
LINC00472,-3.85965,0.000131547
E2F2,4.22121,2.98E-05
E2F3,3.8649,0.000128846
PNPLA2,-3.08596,0.00216423
OAZ2,-2.6605,0.00810352
PLPPR3,2.86494,0.00438178
OAS3,-2.93588,0.00351016
OAT,-4.35074,1.71E-05
MIR31HG,-2.87149,0.0042937
PCM1,4.46862,1.02E-05
PHC2,-2.97302,0.00311981
EEF1A1,5.5491,5.11E-08
HES1,-3.95918,8.84E-05
NCOA2,4.51674,8.19E-06
SYNCRIP,3.06238,0.00233803
VTI1B,-3.49143,0.000531744
RSBN1,3.51481,0.000488291
ANKRD9,-3.18572,0.00155244
GATA6,-2.67792,0.00770074
PRR11,3.77187,0.000185456
TMEM9,-3.85947,0.00013164
SNAPC1,-4.07424,5.53E-05
EPC1,4.67578,3.96E-06
KLHL15,2.81971,0.00503586
LOC100505711,2.68919,0.00744981
IFT52,-3.3015,0.00104448
SUSD3,2.72933,0.00661505
RAD21-AS1,3.08341,0.00218244
UFD1L,-4.13872,4.23E-05
ZBED4,3.71672,0.000229357
ZNF749,4.30636,2.07E-05
RBM39,3.4002,0.000738265
CNN3,-4.02897,6.66E-05
BCL9L,-4.2552,2.58E-05
B3GNT5,-2.82448,0.00496291
FNDC9,2.8166,0.00508398
DNTTIP2,-3.42436,0.000677276
RILPL2,2.63374,0.00875909
CNIH4,-4.094,5.09E-05
PTRF,-4.22007,3.00E-05
ZNF586,2.85647,0.00449812
HINT2,-2.68049,0.00764287
C15orf61,3.67353,0.000270382
RPL4,5.45863,8.25E-08
ARMC1,3.02695,0.00262355
WDR43,3.18295,0.00156702
NUP205,2.79046,0.00550485
SLC35D1,2.83746,0.00476925
10-Sep,-3.64105,0.000305682
RPL3,5.179,3.48E-07
KCNAB2,4.57579,6.27E-06
ZSCAN22,3.20426,0.00145811
MAN2C1,3.39412,0.000754406
MAN2A2,3.05715,0.00237835
MAN1A1,4.72924,3.09E-06
SIRPG,2.73713,0.0064628
PSMA7,-3.05796,0.00237202
PSMA3,-2.67352,0.0078008
MDM4,5.62347,3.43E-08
MDM2,2.77809,0.00571491
MARS2,3.54267,0.000440856
MTCH1,-4.11307,4.71E-05
BCL2L13,-3.60025,0.000356173
TRAPPC3,-4.62907,4.91E-06
CCDC117,4.75263,2.77E-06
KCNIP3,-2.82478,0.00495839
LUC7L3,3.39503,0.000751956
SND1-IT1,3.66234,0.000282086
LDAH,3.72952,0.000218371
CDC42SE2,4.35109,1.71E-05
TOMM22,3.63032,0.000318264
SLC12A9,-2.61811,0.00916374
RAB3GAP2,3.54955,0.000429816
GALK2,3.89089,0.000116226
GALE,-5.20169,3.10E-07
GAK,3.2906,0.00108473
GALNS,-2.99083,0.00294714
RFX7,3.8955,0.000114116
ADAMTS20,3.07683,0.0022301
APOPT1,-4.10672,4.83E-05
ABCE1,3.73349,0.000215064
ABI1,3.42215,0.000682669
ZBTB33,2.77379,0.00578955
AKT1S1,-4.88328,1.49E-06
PAPOLG,4.03386,6.53E-05
QRICH1,3.17068,0.00163309
DPP8,2.94302,0.0034318
DENND4A,4.73669,2.98E-06
RAMP3,4.16785,3.74E-05
ZMPSTE24,-3.44323,0.000632966
ZNF479,3.90298,0.000110767
DOK2,3.92234,0.00010252
CCDC77,3.23898,0.00129559
BRMS1L,-2.80181,0.00531843
CA5A,-3.48489,0.000544531
FAM168B,2.66764,0.00793609
PPDPF,-3.21783,0.00139248
GIMAP6,3.48136,0.000551541
MBOAT7,-4.12713,4.44E-05
CFL2,-4.53541,7.53E-06
UBE2G2,4.11161,4.73E-05
MOCS2,-2.61732,0.00918472
MNDA,3.72241,0.000224409
MN1,-3.17843,0.00159105
MNAT1,-2.64413,0.00849915
CXorf21,5.14098,4.21E-07
ZADH2,5.58937,4.12E-08
MAL2,-4.33535,1.83E-05
TTC26,-3.81268,0.000158214
DTL,3.42106,0.000685319
DDAH1,-3.56475,0.000406356
PTMS,-2.86717,0.00435159
ZFC3H1,4.35896,1.65E-05
IFT43,-3.18801,0.00154049
GABARAPL1,-3.89376,0.000114907
DMXL2,2.7321,0.00656065
KIAA0930,3.27246,0.00115488
NCAPD3,2.63814,0.00864816
C15orf48,-3.03976,0.00251685
CUX2,3.04449,0.00247846
PER1,3.25349,0.00123275
SRSF5,3.44809,0.000621991
VEGFB,-2.70288,0.00715504
VHL,5.08665,5.52E-07
SMARCC2,4.58816,5.92E-06
SMARCD2,3.74419,0.000206394
PAK2,4.11809,4.61E-05
PGRMC1,-3.85457,0.000134213
HPSE,-3.55425,0.000422439
GPX8,-4.50212,8.74E-06
TIFA,3.95972,8.82E-05
MYLK,-2.9417,0.00344617
PMCH,3.51278,0.000491928
UBE2I,3.63905,0.000307993
PLXNB3,-3.02117,0.00267299
AMER1,3.2141,0.00141025
KCNA3,5.36582,1.34E-07
ECT2,-3.51956,0.000479874
ECHS1,-2.77309,0.00580183
NCL,2.96242,0.00322698
EXT2,-4.49261,9.12E-06
EWSR1,3.57706,0.000388257
EXT1,-3.57572,0.000390185
EYA1,2.66912,0.00790184
ZNFX1,-4.69134,3.69E-06
NFYA,3.61521,0.000336809
NFYB,3.72522,0.000222007
XRN1,3.58037,0.000383517
GNG5,-2.98746,0.00297913
NGF,-3.16081,0.00168808
OVOL2,-2.63131,0.00882104
MIR600HG,2.79677,0.00540051
PUM1,2.65213,0.00830355
CARF,5.12457,4.57E-07
NDFIP2,-3.27026,0.00116369
ACER1,3.51694,0.0004845
PMEPA1,-3.56001,0.000413554
MRPS25,3.61009,0.000343322
WDR82,2.83702,0.00477574
BOK,-3.75275,0.000199694
TWSG1,-5.11194,4.87E-07
PNPLA3,-2.59041,0.00992201
GPR158,-2.59726,0.00972959
DOCK1,-3.01238,0.00274997
BNIP2,3.25805,0.00121362
DOCK2,4.39306,1.42E-05
POLR3D,4.6683,4.10E-06
SATB1,2.81562,0.0050992
P3H4,-2.93667,0.00350138
SLPI,-2.84259,0.00469465
CDR2L,-2.99136,0.0029422
SMARCA1,-4.02307,6.82E-05
SMARCA2,3.93271,9.83E-05
SMARCA4,2.69249,0.00737786
SMARCC1,4.06377,5.77E-05
SLC48A1,-3.59322,0.000365613
EPB41L4A-AS1,4.47836,9.72E-06
USP8,4.47295,9.96E-06
ZNF84,3.76631,0.000189496
ENDOV,-2.85973,0.00445295
C2CD5,3.27893,0.00112941
SCARNA17,3.70054,0.000243983
CYBB,3.85437,0.000134318
ANKLE2,2.68624,0.00751472
ZZEF1,3.41833,0.000692038
POMGNT2,-2.86571,0.00437134
MYO1B,-3.077,0.00222886
TNKS,5.34556,1.49E-07
RFWD3,4.42357,1.24E-05
L1CAM,-4.54408,7.24E-06
KTN1,-4.08975,5.18E-05
DNAH7,3.08794,0.00215018
MZB1,5.0485,6.67E-07
CRIM1,-5.05077,6.59E-07
TAS2R8,2.91924,0.00369897
ABCG1,3.17192,0.0016263
SSH2,3.18574,0.00155234
PTPN7,5.26569,2.24E-07
MPP5,-4.3222,1.93E-05
LINC00427,3.59828,0.000358798
KDM3B,5.27507,2.14E-07
PPM1M,3.36472,0.000837151
RNASE6,5.67093,2.66E-08
RNASE2,3.32573,0.000959925
PLEKHG5,-3.32203,0.000972412
BIRC6,3.15235,0.00173657
FOXK1,4.82516,1.97E-06
UQCRC2,3.59038,0.000369499
FAM46C,4.34425,1.76E-05
PTS,-6.89964,1.95E-11
PAQR5,-2.8576,0.00448235
UFM1,2.75517,0.0061232
TCEAL3,-3.2655,0.00118293
HOTAIRM1,-3.51274,0.000491997
SIGMAR1,-3.15924,0.00169703
TMEM139,-3.23741,0.00130255
IL2RB,2.66156,0.00807843
IL2RG,4.55686,6.83E-06
DOLK,-3.7275,0.000220066
MST1R,-3.80595,0.000162429
ZC3H18,2.88393,0.00413098
GRIN2D,-3.01032,0.0027683
BUB1B,3.06561,0.00231355
PKP2,-3.19495,0.0015048
C21orf91,2.91545,0.00374336
HOXB7,-3.37155,0.00081719
RTF1,6.654,8.99E-11
DIDO1,2.96223,0.00322896
DNAJB4,-4.26022,2.53E-05
ADAM30,3.09805,0.00207975
RHBDF1,-3.61267,0.000340024
ZC2HC1C,-3.10564,0.00202828
TFCP2L1,-2.72619,0.00667708
SENP1,4.33622,1.82E-05
TSPAN15,-2.95188,0.00333687
PIGN,4.63654,4.75E-06
PSD4,2.61453,0.00925862
KDM4C,3.71785,0.000228361
TRIM35,5.60126,3.87E-08
RPAIN,3.04291,0.00249119
USP49,2.83235,0.00484469
CLASP1,3.96297,8.71E-05
WDR7,4.30595,2.08E-05
VPS39,4.41229,1.30E-05
KHSRP,3.00069,0.00285534
LINC00319,-3.70423,0.000240575
CLRN1,2.82277,0.00498898
LOC100128288,3.32485,0.000962899
IGFL1,-2.88608,0.00410344
SFN,-3.5385,0.000447669
RBM33,4.71422,3.31E-06
C5orf42,-4.64925,4.48E-06
MSANTD3,-4.32306,1.93E-05
FNTA,3.74312,0.000207246
JAK3,4.9987,8.51E-07
BTNL8,3.1222,0.00192008
ACP2,-3.31643,0.00099159
NTF3,-3.61005,0.000343376
NASP,2.88012,0.00418022
NARS,3.27981,0.00112595
NAP1L1,3.67136,0.000272612
FRG1,3.07377,0.00225255
NT5E,-3.08928,0.00214072
PAPD4,4.49693,8.95E-06
LYRM1,3.20249,0.00146692
TMEM159,-2.87671,0.00422475
SCYL3,3.71001,0.000235315
PDE4D,2.94949,0.00336218
PDE3B,4.28174,2.30E-05
PDE4A,4.3235,1.92E-05
DNTTIP1,-3.6197,0.000331196
TTC36,-3.04225,0.00249655
P2RY13,3.99263,7.72E-05
DCANP1,3.20328,0.00146298
MIEF2,-3.31978,0.000980076
HNRNPA3,4.00295,7.40E-05
TERF2,3.09914,0.00207227
PODXL,-2.74543,0.0063046
TNC,-3.06667,0.00230554
TFG,-3.23888,0.00129603
POLA1,3.20558,0.00145161
COX7A2L,3.44964,0.00061853
TERT,4.12915,4.40E-05
PERP,-3.27554,0.00114268
SASH3,4.15538,3.94E-05
PAWR,-2.57884,0.010255
ANLN,-3.02227,0.00266351
PROCR,-3.75415,0.000198611
ANP32B,3.87623,0.000123194
LAMTOR5,-3.27936,0.00112771
TM9SF1,-3.35417,0.000868831
HECTD4,2.77456,0.00577612
TEP1,2.93007,0.00357499
LRRC70,3.11102,0.00199256
PPP1R9B,2.943,0.00343197
MAB21L2,2.88716,0.00408965
GTPBP1,3.44341,0.000632546
BUB3,4.01035,7.18E-05
SETDB1,3.22566,0.00135586
FAM114A1,-2.89572,0.00398187
ADAM22,3.28543,0.0011043
PJA2,3.97679,8.23E-05
TRIM66,3.93477,9.75E-05
HHLA3,-2.79716,0.00539408
PFN4,-2.72314,0.00673796
OR2B3,3.58414,0.000378178
HHLA2,3.24207,0.00128197
CTSV,-4.31161,2.02E-05
CTSL,-3.72233,0.000224474
ALDH1L2,3.22343,0.00136621
OXER1,2.60883,0.00941174
PRPF4B,3.87384,0.000124368
FAIM,-2.8611,0.00443415
INTS10,4.41632,1.28E-05
TUBGCP5,3.60538,0.000349417
KLHL32,4.05151,6.07E-05
KRT6C,-2.73471,0.00650969
DEF6,3.97014,8.46E-05
SUN3,-2.9965,0.00289411
PRELID2,-3.44503,0.00062888
SH3RF2,-4.21342,3.09E-05
C17orf97,-2.65371,0.00826561
ASPHD1,-3.4842,0.000545882
HCG4B,2.76228,0.00599369
AMELX,2.73579,0.0064887
NSUN4,3.2168,0.00139734
RIT2,3.43422,0.000653766
RLN2,-3.23265,0.00132389
MCOLN3,-3.77628,0.000182314
RANBP9,3.87844,0.000122117
HHATL,2.751,0.00620026
SCAF4,2.82781,0.00491265
TOM1L1,-2.69524,0.00731825
RIN1,-3.58292,0.000379892
AEBP2,2.60007,0.00965155
ZNF445,3.32868,0.000950099
RPAP1,2.82592,0.00494119
SPATS2L,-3.19154,0.00152228
SLC9B2,3.04209,0.00249787
BCL11B,2.76352,0.00597151
UPF2,3.80791,0.000161192
DYNLL2,-4.19745,3.30E-05
ZNF510,2.99495,0.00290849
NLRP1,3.15215,0.00173778
R3HDM2,2.90404,0.00387958
GFI1,3.47635,0.000561657
GGCX,-4.7454,2.86E-06
TMEM268,5.90652,7.26E-09
LRRC8E,-4.28051,2.32E-05
CXCL2,-2.59221,0.00987112
GRSF1,2.92391,0.00364507
PLEC,-3.93498,9.75E-05
PLD2,-2.71103,0.00698453
RNF26,-3.52031,0.000478566
HNRNPA1,4.69102,3.69E-06
FMNL3,2.76453,0.00595329
BMPR2,-2.89298,0.0040161
YPEL1,3.81497,0.000156802
PARP9,-2.70279,0.00715687
SESN2,4.15354,3.97E-05
PIK3R5,3.9114,0.000107106
NNT,3.93157,9.88E-05
AKTIP,-2.93453,0.0035251
RFXAP,2.99525,0.00290567
MRPL44,3.61368,0.000338736
METTL7A,3.5583,0.000416164
ABTB2,-2.9211,0.00367743
EPAS1,-3.40704,0.000720503
ATP1A1,-2.64336,0.00851825
TRAC,3.71866,0.000227654
TMEM14A,-3.83483,0.000145056
RGS1,3.17903,0.00158786
GPR82,3.64039,0.000306443
PHKA1,-2.74915,0.00623467
RFX3,2.76077,0.00602104
NOL6,-2.74307,0.0063492
LAT2,4.09025,5.17E-05
CDON,2.74871,0.00624289
DOCK10,3.68666,0.000257232
ZGRF1,3.27015,0.00116413
STRBP,2.58163,0.0101738
PPP1R15B,4.74523,2.87E-06
MYEOV,-2.98654,0.00298795
MMP24,-2.87243,0.0042812
YIF1A,-4.14293,4.15E-05
NCBP1,3.78208,0.000178253
FLNA,-4.09755,5.02E-05
FLNB,-3.3197,0.000980344
SLC2A12,-3.21615,0.00140046
FLG,-3.30513,0.00103137
FLI1,5.14732,4.08E-07
DOK3,2.86343,0.00440235
QARS,3.35501,0.000866278
MYO10,-2.98573,0.00299574
PPP1R12A,5.57518,4.45E-08
GPR137,-3.82807,0.000148961
RANBP10,3.21232,0.00141881
RMDN1,3.5377,0.000448993
ZDHHC9,-2.67675,0.00772717
PLD4,2.95855,0.00326697
C14orf79,-3.50576,0.000504695
ISCA2,-2.64703,0.00842784
KIAA1191,-3.70053,0.000243994
ADAR,2.719,0.00682135
ADARB1,2.60831,0.00942582
ZFAND1,3.40273,0.000731658
RAB34,-4.02223,6.84E-05
TUBB4B,-4.31854,1.96E-05
TUBB3,-3.48456,0.000545167
TSTA3,-3.21347,0.00141328
JMY,2.59928,0.00967336
PHLDA2,-3.35741,0.000858984
C16orf54,4.53197,7.64E-06
RPS14,3.30428,0.00103442
CASP10,3.61856,0.000332605
STX3,-3.35177,0.000876189
STX1A,-3.42222,0.000682481
IFI44,-3.04395,0.0024828
ARFGEF1,3.62166,0.000328772
SLU7,3.56127,0.00041163
SLC34A2,-2.69741,0.00727162
LMF2,-4.22411,2.95E-05
NT5C3B,-2.60172,0.00960597
FAM76B,2.80056,0.00533862
TPP2,3.15368,0.00172891
ZNF124,4.26075,2.52E-05
HCG11,3.47746,0.000559396
LINC00615,-2.79064,0.00550194
UBE2J1,3.99347,7.70E-05
FNBP1L,-4.31489,2.00E-05
COL4A2,-3.00764,0.00279227
COL4A1,-3.02343,0.00265356
FSTL1,-4.33463,1.83E-05
NUDT4,3.49814,0.000518914
TRMT10A,2.70949,0.00701649
BTF3,3.36656,0.000831722
PPP1R37,-4.02321,6.82E-05
LOC100128361,3.22059,0.00137945
RPL30,4.11479,4.67E-05
MDFI,-2.66581,0.00797867
PARG,2.61897,0.00914098
MIEF1,3.27421,0.00114794
PRPF38B,3.09216,0.00212054
PRODH,-2.73644,0.00647611
PRNP,-2.92355,0.00364927
EVL,3.58588,0.000375735
MCM3AP-AS1,2.79982,0.00535062
CLEC4A,3.24162,0.00128393
RFX5,3.10307,0.00204558
TFDP3,3.27387,0.00114931
UBAP1,-2.9419,0.00344395
MAPKAPK5-AS1,2.99031,0.00295212
POLR1B,2.65591,0.00821271
IGSF6,4.53256,7.62E-06
TINAGL1,-4.27557,2.37E-05
CHMP4B,-2.5935,0.00983488
CCND2,3.32635,0.00095785
STC1,-2.94052,0.00345902
COPS7B,3.63957,0.000307388
STK4,3.95307,9.06E-05
PCDHB2,-2.97574,0.00309293
TRERF1,3.5385,0.000447658
VPS16,2.65254,0.00829386
TPT1,2.88789,0.00408027
PLA2G12A,-2.98897,0.00296483
EI24,-3.23071,0.00133271
PNMA1,-3.6627,0.000281698
ITGB4,-2.99767,0.00288322
EIF6,-3.11823,0.00194552
ITGB5,-3.98458,7.98E-05
ITGB6,-2.87855,0.00420064
ITGB7,3.71054,0.000234841
IPCEF1,3.45567,0.000605249
ZNF451,2.98712,0.00298242
PLEKHG3,-4.12181,4.54E-05
LOC100506354,2.92022,0.00368768
EPS8L2,-4.05429,6.00E-05
RRAS2,-3.93965,9.56E-05
IKZF2,3.74638,0.000204661
IKZF3,2.98514,0.00300141
RAD17,3.20871,0.00143627
HCFC1R1,-3.75933,0.00019468
CFAP36,-3.44441,0.000630294
ZNF770,2.65524,0.00822879
ATP13A4,2.61768,0.00917505
MORN4,-2.69341,0.00735779
MXD3,2.75776,0.00607574
CDCA3,-3.15673,0.00171134
RBBP8NL,-2.89066,0.00404521
PROSER1,3.1822,0.00157099
SPG11,4.46591,1.03E-05
CARD10,-4.53413,7.57E-06
GUCD1,3.46198,0.000591623
R3HDM1,3.88257,0.000120133
CHRNB2,-2.61197,0.00932714
SMG1,3.07839,0.00221872
SUZ12,3.0872,0.00215543
SKIV2L2,3.83982,0.000142244
ZAR1,-2.84312,0.00468706
TSC22D4,3.01515,0.00272547
MYLIP,2.6728,0.00781713
LOC100131655,4.04767,6.17E-05
ZNF239,-3.46374,0.000587861
RNLS,-2.94237,0.00343881
MNS1,-2.66152,0.00807947
TAS2R41,3.42717,0.000670515
BOD1L1,3.08737,0.00215421
TAF4B,2.733,0.00654307
CXCL9,4.59469,5.75E-06
MID1,-3.2423,0.00128095
ATXN3,2.62683,0.0089361
ARG1,2.8868,0.00409417
ARG2,-3.13609,0.00183342
RHOC,-3.55169,0.000426439
THAP10,-2.58457,0.0100889
CHD7,2.88369,0.00413409
PRRC2B,2.6163,0.00921169
SYBU,-3.48439,0.000545505
BRPF1,2.99461,0.00291167
FBLN1,-2.69985,0.00721936
FARSA,2.60354,0.00955595
FAT2,-2.67447,0.00777895
GPRC6A,2.68761,0.00748461
CEP83,4.43532,1.18E-05
SLC17A9,3.35751,0.000858673
AP2A1,-3.69458,0.000249589
AP2B1,-4.4111,1.31E-05
NEUROD2,2.78304,0.00563003
MYO19,-2.88503,0.00411676
RPS6,4.07577,5.49E-05
LOC286437,2.94528,0.00340736
UPRT,3.66915,0.00027491
GCLM,-3.54213,0.000441726
LATS2,-2.76409,0.00596117
PARP11,2.96428,0.00320793
OSMR,-3.53897,0.000446899
KLF2,2.9571,0.00328205
ZFP36L2,3.327,0.000955685
HMG20A,5.44538,8.85E-08
SNRNP40,3.72359,0.000223398
PSORS1C3,-2.69114,0.00740714
BRCA2,3.32651,0.000957324
RPS23,3.82089,0.000153213
RPS24,3.32779,0.000953065
SEMA4B,-3.16758,0.00165019
INTS2,4.68577,3.78E-06
KIAA0101,2.80976,0.00519114
SEMA4F,-3.70772,0.000237385
SEMA4D,3.26772,0.00117393
SMAP2,4.2287,2.89E-05
FNIP1,3.15729,0.0017081
ASAP2,-3.18278,0.00156791
CALD1,-3.60589,0.00034875
ODF4,2.88967,0.00405769
DDHD1,2.92979,0.00357825
DNASE1L1,-3.62327,0.000326797
DNASE1L3,3.27383,0.00114944
TMEM99,-3.00012,0.00286063
SERPINB10,2.68242,0.00759961
DYNC1H1,-4.13372,4.32E-05
BCOR,4.51644,8.20E-06
GIMAP7,2.73259,0.0065511
CTDSPL2,3.89706,0.000113408
HADHA,3.51892,0.000481004
B4GALT4,-2.99186,0.00293751
CISD1,-2.90173,0.00390781
AGPAT5,5.35304,1.43E-07
MAPK9,-3.37008,0.00082146
MAPK11,-2.83988,0.00473395
DENND6A,3.69161,0.000252428
PDE12,3.47267,0.000569194
CECR1,5.65524,2.89E-08
FIGN,-2.94002,0.00346455
SRBD1,4.15312,3.98E-05
LARP1B,3.54395,0.000438776
ISG15,-2.82345,0.0049787
FEZ2,-3.28259,0.00111521
OTUD3,3.09348,0.00211134
MTCL1,-3.2845,0.00110786
SFRP5,-3.02999,0.00259784
SRSF1,2.88159,0.00416108
SRSF3,3.45367,0.000609614
PRR14L,2.62715,0.00892776
MBNL3,3.61075,0.000342476
KCNH8,3.83477,0.000145091
ST5,-2.89181,0.00403078
CCS,-2.84068,0.00472237
NUP153,2.71634,0.00687551
BRINP2,3.51709,0.00048424
SUGP1,2.65689,0.00818936
ACTR8,2.85234,0.0045558
ALDOB,2.77068,0.0058441
ABCD2,3.20583,0.00145039
ALDH9A1,2.58779,0.00999658
ALDH1A3,-4.01124,7.16E-05
LOC100507534,2.89934,0.00393709
CEP350,3.39658,0.000747817
GIGYF2,5.31521,1.74E-07
ERC2,3.26282,0.00119388
PPP1R16B,3.86067,0.000131019
RAB11FIP5,-3.01363,0.00273887
ANKRD17,4.74684,2.84E-06
GPR63,3.65951,0.000285113
SCAF8,4.03945,6.38E-05
PHLDA1,-2.95497,0.00330428
COPG1,3.17903,0.00158786
C18orf54,2.74821,0.00625225
ZBTB6,2.89905,0.00394068
POP4,-3.20578,0.00145064
FBXO18,2.94272,0.00343508
CUEDC1,-4.14427,4.13E-05
ADPGK,4.43471,1.18E-05
SH3BGRL3,-3.11732,0.00195138
PMFBP1,3.51387,0.000489964
AP5B1,4.32166,1.94E-05
HOXA5,-3.2492,0.00125104
TSHZ1,4.14797,4.07E-05
RNF41,3.69537,0.000248837
HOXA3,-2.76031,0.00602929
MPHOSPH9,2.61041,0.00936902
TUBA4B,-3.29826,0.00105629
PRKX,5.40898,1.07E-07
CHRM2,3.22001,0.00138218
KRTAP9-3,3.45297,0.000611167
EIF2AK2,-2.77871,0.00570419
ZDHHC12,-2.59367,0.00983002
KRTAP17-1,3.40064,0.000737096
CLYBL,5.01392,7.90E-07
SYDE1,-2.77151,0.00582954
RASSF7,-4.61827,5.16E-06
FAM127B,-3.10189,0.00205355
HAGLR,-2.93405,0.00353044
NOA1,3.15288,0.00173354
SETD1B,5.68958,2.40E-08
ZNF609,3.13343,0.00184974
SYT2,-2.73113,0.00657948
ACD,-2.99119,0.00294373
MINPP1,-2.65321,0.00827762
LOC728743,4.33392,1.84E-05
DOT1L,4.30379,2.09E-05
ADNP,2.58758,0.0100027
NFATC3,4.21042,3.12E-05
NF2,-3.36593,0.000833582
ANKRD2,-3.4006,0.000737226
PLD6,5.51598,6.10E-08
PI4K2B,2.71329,0.00693789
OLAH,2.66103,0.00809103
GIMAP4,3.2322,0.00132592
MS4A4A,2.82192,0.00500194
NGRN,-3.67506,0.000268817
CLEC4C,2.7008,0.00719918
TNFRSF12A,-5.23473,2.62E-07
HN1L,-2.68406,0.00756302
GJB5,-3.03289,0.00257354
CALCOCO1,2.84591,0.00464701
SNX6,-2.66202,0.00806768
UVSSA,3.78357,0.000177229
JAM2,3.66609,0.000278108
ADRA1D,-2.68137,0.00762305
ADRA1B,-3.1245,0.0019055
PARP1,3.67029,0.000273723
TCEB3,-3.65931,0.000285336
NPTX2,-2.70967,0.0070128
PTTG1IP,-3.75025,0.00020163
TATDN3,5.06795,6.06E-07
POU2AF1,3.45405,0.000608783
POU2F1,3.08042,0.00220396
MED13,4.14884,4.05E-05
GK,4.47104,1.00E-05
TRPC1,-3.17672,0.00160023
GMEB1,2.76679,0.00591304
CCT6B,2.71846,0.00683224
MYOM2,3.41832,0.000692067
WDR37,3.27257,0.00115447
RTKN,-3.99948,7.51E-05
IPO8,3.26084,0.00120203
CHERP,3.83385,0.000145617
DEAF1,2.80289,0.00530102
DDX17,3.01118,0.00276064
HERPUD1,3.14298,0.00179182
FOXJ3,3.31947,0.000981145
ESPL1,2.70865,0.00703399
DHX34,-3.2213,0.00137614
MANSC1,-2.7105,0.00699543
IER3,-2.76151,0.00600758
WDR36,4.94339,1.11E-06
CAPNS1,-3.40307,0.000730758
CANX,2.82633,0.00493493
CAPN1,-2.86692,0.00435498
SMARCE1,3.0476,0.00245352
COIL,3.2698,0.00116554
COX19,5.19558,3.20E-07
SLC10A7,4.42226,1.25E-05
PHF2,3.88499,0.000118987
PHEX,-3.21014,0.00142935
ZNF600,-3.21988,0.00138281
HSD17B8,2.75301,0.00616298
RCAN3,-3.7849,0.000176309
FAF1,-3.54433,0.000438165
TNFAIP8L2,2.65006,0.00835377
HIST1H2BB,3.81472,0.000156956
A4GALT,-2.77469,0.00577381
HIST1H2AE,4.88045,1.51E-06
HIST1H1T,2.94843,0.00337356
GAS2L3,-3.2482,0.00125535
OSBPL8,3.14292,0.00179219
OSBPL10,-4.31675,1.98E-05
TRAT1,3.1661,0.00165843
PSD,-3.67055,0.000273455
KLC3,-4.57693,6.23E-06
ASPG,-2.88842,0.00407358
EFCAB11,-2.71914,0.00681859
TRAF3IP2-AS1,3.06298,0.00233348
VPS13A,2.99816,0.00287866
AAMP,-2.7779,0.0057182
SELPLG,5.21127,2.96E-07
AARS,3.08337,0.00218269
ACAD8,3.01766,0.0027035
ZNF217,4.54211,7.30E-06
LAIR1,4.46737,1.02E-05
RCN2,-2.7993,0.00535911
SSR1,2.92548,0.00362716
TSR3,-2.8624,0.00441633
HS3ST1,-3.06537,0.00231531
ASIC4,-3.11972,0.00193591
AK1,-2.58556,0.0100604
IGBP1,3.37773,0.00079954
TAGAP,3.2047,0.00145598
CAST,-2.90428,0.00387673
PRPF40B,-3.78165,0.000178554
ZNF852,2.78879,0.00553281
HNRNPH1,4.14499,4.12E-05
FUBP1,2.80354,0.00529056
IGF1,3.77454,0.000183551
IREB2,4.84865,1.76E-06
ITGA6,-3.79891,0.000166953
FUS,-2.83617,0.00478824
GAST,-3.21215,0.0014196
PPP4R3B,4.31584,1.99E-05
PITPNC1,2.78452,0.00560478
PAM,-2.95328,0.00332205
N4BP2L1,3.76429,0.000190979
HCFC1,3.33585,0.000926559
OR10A4,4.50879,8.48E-06
CD5,3.1293,0.00187533
GIPC1,-3.69632,0.000247945
TGFB1I1,-3.21776,0.00139278
GVINP1,3.60115,0.000354971
GPRC5D,3.25119,0.00124253
POPDC3,-3.40796,0.000718152
ACTRT3,-3.26815,0.00117216
VPS13B,2.78943,0.00552202
PRRG2,-3.4259,0.000673555
DDR1,-4.95811,1.04E-06
HOXA1,-2.99326,0.00292426
SNAI2,-3.27409,0.0011484
TLK1,3.98585,7.94E-05
SLC25A20,3.55383,0.000423094
CD38,4.22031,3.00E-05
URB1,3.10949,0.00200263
TRPV6,-2.71646,0.00687291
ARNT,3.90302,0.000110746
WFDC8,2.73017,0.00659833
NOP14,2.76095,0.00601779
TNPO2,3.42312,0.000680303
FCHO2,-2.7434,0.00634283
TBX21,2.94545,0.00340554
WRN,2.78095,0.0056657
FAM193A,3.65382,0.000291312
CHD1,3.35302,0.00087237
TIMM10B,2.91018,0.00380576
KIF11,3.23869,0.00129687
MDM1,3.14371,0.00178744
CSNK1G1,3.45681,0.000602749
TRIM11,2.68341,0.00757763
PICK1,-3.15442,0.00172461
NDUFA4,2.65128,0.00832421
PACSIN2,-2.61631,0.00921141
TLR8,3.52352,0.000472963
CERK,3.24361,0.00127521
RBM15,3.61654,0.00033514
TBC1D15,4.23503,2.81E-05
LMF1,2.8871,0.00409033
RBP7,-2.86106,0.00443465
PTGES2,-2.70808,0.00704583
PLEKHO1,2.73297,0.00654356
LEF1,2.94066,0.00345752
SYNPO2,3.98149,8.08E-05
BATF3,3.23253,0.00132445
TADA1,2.95371,0.0033175
CATSPER1,-3.13292,0.00185286
GZMA,3.38792,0.000771195
IKZF1,5.16275,3.78E-07
NRF1,3.9979,7.56E-05
EMC8,-2.8544,0.00452687
ATG12,2.79992,0.00534898
HGS,-2.94297,0.00343233
ZNF646,3.38313,0.000784391
GLCCI1,4.61873,5.15E-06
PPM1G,2.77565,0.0057572
CDK5RAP2,2.937,0.00349776
TP53BP1,-3.05135,0.00242373
TOP2B,3.62874,0.000320153
ETNK2,-3.49049,0.000533549
CD300LG,3.83136,0.000147048
SLC22A16,3.05785,0.00237292
CCDC25,5.32727,1.63E-07
MTMR9,2.88452,0.00412341
01-Sep,2.92476,0.00363533
GMIP,3.1736,0.00161716
FASTKD1,3.43361,0.000655206
LARGE1,3.88246,0.000120184
NLRP6,3.03234,0.0025781
PCLO,-2.63765,0.00866055
MICALL2,-2.79283,0.00546549
GRTP1,-2.69688,0.00728281
FAM172A,3.1865,0.00154837
PCDHB5,-3.02888,0.00260718
CCDC113,-2.6187,0.00914816
NPAP1,4.27065,2.42E-05
ZC3H4,4.67453,3.98E-06
ZNF792,2.98619,0.00299135
WTIP,-2.79554,0.00542068
ATP2A3,4.42038,1.26E-05
FOSL1,-4.17024,3.70E-05
ATP1B3,-2.71142,0.00697649
ATP1B1,-5.09512,5.29E-07
EDEM1,4.85412,1.71E-06
SHB,-4.04375,6.27E-05
TAS2R4,3.35053,0.000880018
BCDIN3D,2.91223,0.00378132
FBXO45,3.21924,0.00138582
CTNNAL1,-3.61375,0.000338649
RBM8A,3.21402,0.00141063
YTHDC2,3.62087,0.000329741
HELZ,5.34765,1.47E-07
FAM229B,-3.55236,0.000425395
ANKRD26P3,4.2131,3.09E-05
EAF2,2.89455,0.00399643
ZNF3,3.38809,0.000770706
DPH5,3.87566,0.000123472
07-Mar,2.80894,0.00520416
SRXN1,-2.64423,0.00849661
TCEAL1,-3.26591,0.00118124
RPL10L,2.93077,0.00356715
CNKSR3,-2.91657,0.0037302
USP5,-2.59091,0.00990795
ITGA2,-3.84731,0.000138111
ITGA4,4.36125,1.63E-05
ITGA3,-4.63793,4.72E-06
CHD2,4.30676,2.07E-05
CSNK1G2,4.12081,4.56E-05
GAB1,3.45693,0.000602507
ABHD12,-3.36588,0.000833722
CSNK2A1,3.62703,0.000322218
ORC4,-3.36045,0.000849841
KIRREL,-3.80242,0.000164688
HPS4,3.76888,0.000187615
LOC100507391,3.15093,0.00174484
RAPGEF6,3.08078,0.00220133
CCNT2,3.88285,0.00012
TGIF2,4.73538,3.00E-06
PDP2,4.88835,1.45E-06
MRPL33,-3.09186,0.00212259
KMT5A,4.18434,3.49E-05
KIAA2022,2.61473,0.00925349
C5orf30,2.95743,0.00327855
CCDC107,-3.3639,0.000839579
FHIT,2.97831,0.00306761
ZNF397,3.28208,0.00111718
MBD2,2.93287,0.0035436
FUBP3,2.85714,0.0044887
C1orf116,-3.46305,0.000589338
RUSC2,-2.88431,0.00412602
C11orf49,-2.59004,0.00993243
CHAC1,2.73754,0.00645503
TPM3,3.08626,0.00216211
TPMT,-2.7578,0.00607501
THSD4,-2.85496,0.00451905
C3,-3.12116,0.00192669
ZNF184,3.04459,0.00247761
ANKRD52,-3.39454,0.000753272
ERC2-IT1,2.63165,0.00881218
RBM34,3.08405,0.00217783
CSTB,-3.39556,0.000750543
CST6,-4.51977,8.08E-06
SNRNP200,2.61956,0.00912548
PALLD,-4.48916,9.27E-06
LOC729296,2.78795,0.00554685
AMOTL1,-3.03135,0.00258646
PPTC7,3.58644,0.000374962
GGA1,3.85696,0.000132952
ANKRD40,2.60309,0.00956807
LEMD2,-3.00802,0.00278883
SYNRG,4.1325,4.34E-05
ATXN2L,4.86529,1.62E-06
SLC43A1,5.01172,7.99E-07
MRPS17,-4.03419,6.52E-05
SNX7,-4.3712,1.56E-05
CRLF3,2.88628,0.00410078
NEMP2,2.89185,0.00403023
DERL1,2.63688,0.00867975
CAMKMT,3.30458,0.00103336
LAMC1,-3.51958,0.000479843
PITX1,-2.71848,0.00683188
IPO11,3.0913,0.00212652
PLCE1,-3.13661,0.00183027
FKBP5,4.58942,5.89E-06
FKBP1B,-2.72615,0.00667789
FKBP2,-3.69693,0.000247369
RANGAP1,-2.76815,0.00588886
LAMC2,-3.83117,0.000147161
BRAP,3.72086,0.000225749
SRPK1,3.17386,0.00161573
PM20D2,2.86472,0.0043847
BLCAP,-2.92742,0.00360505
CELF2,4.8822,1.50E-06
CELF1,2.68584,0.00752362
CCNO,-2.78852,0.00553734
KHDRBS1,2.9308,0.00356681
SNAPC5,3.06577,0.0023123
TDRD3,3.04015,0.00251368
ALDH5A1,3.01119,0.0027605
TFPI2,-3.19814,0.00148868
S100A13,-3.8682,0.000127176
S100A10,-4.52779,7.79E-06
S100A11,-3.03345,0.0025689
JAG1,-3.18309,0.00156631
ZBTB20,-2.7801,0.00568034
KRT80,-4.63115,4.87E-06
C12orf57,3.25794,0.00121408
ADGRF1,-2.87863,0.00419953
CBFA2T3,4.23961,2.76E-05
ENO3,2.95432,0.00331111
LOC389641,2.58786,0.00999467
GAPT,3.01551,0.0027223
ZBTB34,2.72466,0.0067076
WFDC2,-4.17621,3.61E-05
FRMD6,-2.65845,0.00815218
TCEAL4,-3.34806,0.000887688
HCK,3.90245,0.000111001
ZBTB40,2.57997,0.010222
PHF21A,3.59942,0.000357267
B3GALNT1,-2.61673,0.00920024
NEK9,2.8864,0.00409932
PDE7A,4.10524,4.86E-05
C9orf142,-2.99204,0.00293572
LRRC37A5P,3.52033,0.000478529
CHST12,2.71223,0.00695972
FAM83D,-4.33764,1.81E-05
SLC31A1,-2.61826,0.00915967
COPB1,-2.97926,0.00305828
IL17RA,4.24297,2.72E-05
MAFF,-3.35514,0.000865893
OSBP2,-3.45159,0.000614209
NSDHL,-5.20326,3.08E-07
IFT57,-3.08492,0.00217165
CCDC186,-3.23178,0.00132785
DNER,-2.58532,0.0100673
EIF3A,3.76622,0.000189559
ZSWIM6,2.9366,0.00350216
RASGEF1A,-2.81778,0.00506575
HAUS7,-2.7015,0.0071842
ZNF823,-2.89948,0.0039354
LTBR,-4.32638,1.90E-05
MED27,-2.67366,0.00779744
BCAM,-4.15204,4.00E-05
HIKESHI,-2.89099,0.00404112
HDHD2,4.77904,2.45E-06
MVB12B,2.88902,0.0040659
ILK,-3.04575,0.00246834
IMPA1,3.75303,0.000199474
IMPDH2,2.94779,0.00338032
RAB39B,3.57762,0.00038744
GRIN3A,2.61128,0.00934567
VASH2,3.67464,0.000269246
GABRE,-2.69951,0.00722654
RASSF5,3.92,0.000103485
P2RX5,2.9392,0.00347348
LPP-AS2,-3.28681,0.00109905
GSTCD,2.90963,0.00381226
CD59,-4.01751,6.98E-05
KIAA1211,2.89925,0.00393815
ODF2L,-2.79006,0.00551157
ROMO1,-2.90979,0.00381032
ITPKC,-2.73541,0.00649621
CBL,2.70235,0.0071663
SLAIN1,3.68274,0.00026109
NECTIN2,-4.42591,1.23E-05
HELZ2,-3.89885,0.000112604
PPP4R3A,3.34065,0.0009111
CMKLR1,2.63499,0.00872751
BLVRB,-3.07083,0.00227436
CACNB2,2.61593,0.00922152
HK1,-2.8367,0.00478039
FST,-2.62522,0.00897775
HK2,3.91597,0.000105168
YPEL2,2.94044,0.00345996
BLM,3.02508,0.00263944
UNC119B,3.27598,0.00114095
CACNA1H,-2.64705,0.00842719
SGCE,-3.30735,0.00102346
TIMELESS,2.64512,0.00847459
WHSC1L1,3.43895,0.000642777
CDKAL1,4.43168,1.20E-05
DARS,2.62261,0.00904546
TMPO,6.01178,4.01E-09
IGLV2-14,3.12293,0.00191542
CDK13,3.53408,0.000454992
DFFB,3.36716,0.000829974
MRPL40,-2.65025,0.00834921
TPRA1,-4.1027,4.91E-05
OBP2A,-2.80185,0.0053178
GLTSCR2,4.17214,3.67E-05
CRYAB,-2.77712,0.00573167
CRYBA2,-2.72601,0.00668068
MKNK2,4.17102,3.69E-05
MEF2C,3.48867,0.000537092
MEF2D,3.82262,0.000152178
ME2,3.06486,0.00231921
MEA1,-4.87519,1.55E-06
LOC100288911,-4.77477,2.49E-06
PRKAA2,-3.8712,0.000125675
DEPDC7,-2.85039,0.00458328
ANXA1,-3.263,0.00119314
ANXA2,-3.45565,0.000605295
ANXA2P1,-4.24273,2.72E-05
ANXA2P2,-4.30185,2.11E-05
ANXA2P3,-3.25413,0.00123005
ANXA3,-3.71356,0.000232141
PROSC,3.41304,0.000705252
BMP1,-3.28465,0.00110727
SNX9,-2.91501,0.00374854
AMOTL2,-5.13678,4.30E-07
KRT76,3.90234,0.00011105
ASAP3,-2.77075,0.00584291
RRAGC,-2.98456,0.00300699
PXDC1,-3.24836,0.00125465
HTR1D,-2.7226,0.00674883
COTL1,-3.50484,0.000506399
FBXO46,3.92772,0.000100338
ATP13A2,-3.72014,0.000226372
FRAT2,4.45488,1.08E-05
SIRT4,2.60469,0.00952441
TNFRSF21,-3.43514,0.00065162
GNAI1,-3.44187,0.000636064
PVR,-5.46436,8.01E-08
ALS2CL,-3.40653,0.0007218
SUB1,2.93661,0.00350202
FASTK,-3.01958,0.00268677
ARHGEF37,-2.6391,0.00862413
TUBG1,-3.55245,0.000425251
CCNL1,3.05455,0.00239857
CSPG5,-2.59757,0.00972076
ZNF330,3.45382,0.000609297
PON2,-2.75093,0.00620158
TOMM5,-2.94549,0.00340506
ANKRD44,3.83605,0.000144366
SBF2,-2.81235,0.00515043
TANC2,-2.69877,0.00724233
WSB1,2.96221,0.00322913
LOC100506473,2.91368,0.0037642
ERI1,2.75563,0.00611463
OTUB1,-3.11639,0.0019574
COL18A1,-4.78118,2.42E-06
BDNF,-3.54402,0.000438665
PTGR1,-4.72052,3.22E-06
IFI27,-3.0995,0.00206982
IDS,-2.99772,0.00288271
ELK4,3.23314,0.00132168
CTDP1,3.81064,0.000159482
KRBA2,2.59128,0.00989732
RAP2A,3.48165,0.000550958
DRAP1,-3.55349,0.000423626
MAP4K1,3.23184,0.00132756
CD3E,3.32535,0.000961197
TP53I3,-2.88479,0.00411992
PSENEN,-2.63166,0.0088119
ARID2,4.35275,1.69E-05
GPRIN2,-2.97241,0.0031259
UPF3A,3.41694,0.000695493
PDCD2,2.66285,0.00804811
PPP1CC,3.57634,0.000389289
KHDC1L,-2.65713,0.00818346
C3orf52,-4.80994,2.11E-06
PARP8,3.69991,0.000244568
MESDC1,4.25376,2.60E-05
LOC283585,2.65663,0.00819548
NTN4,-5.62059,3.49E-08
LOC283588,4.48205,9.56E-06
GSTO2,-2.58895,0.00996356
PWWP2A,3.22406,0.00136328
C1orf122,-4.88171,1.50E-06
RCOR3,3.59083,0.000368888
HIST1H2BO,4.06052,5.85E-05
HIST1H2BM,5.09392,5.32E-07
HIST1H2BL,3.6472,0.000298677
HIST1H2BI,3.17226,0.00162444
RNF166,3.31179,0.00100776
UGGT2,-3.38948,0.000766914
INTS9,3.85402,0.000134503
KIZ,3.11244,0.00198317
ASB16-AS1,4.12796,4.42E-05
ACIN1,3.15535,0.00171925
TM4SF1,-3.67071,0.00027329
TACSTD2,-3.58237,0.000380676
EPCAM,-3.17468,0.0016113
PTPRM,-2.68536,0.00753424
PTPRK,-3.28742,0.00109672
LGALS9,3.06863,0.00229075
PTPRF,-3.98005,8.13E-05
PTPRCAP,3.76144,0.000193095
INSIG1,3.00621,0.00280518
INPP5D,4.47724,9.77E-06
INPP5B,3.40594,0.000723328
INPP4A,4.46913,1.01E-05
TIGD6,2.63602,0.00870151
SFMBT2,4.14581,4.10E-05
STYXL1,-2.93856,0.00348051
FCGBP,2.64306,0.00852563
SLC35F5,-4.48918,9.26E-06
FAM214B,-2.77337,0.00579692
MICALL1,-3.47058,0.0005735
KIAA1671,-3.28408,0.00110949
C15orf57,4.587,5.96E-06
IBA57,4.32552,1.91E-05
MBLAC2,5.29435,1.94E-07
FZD4,-2.57874,0.010258
FAM57A,-2.93938,0.0034715
HNRNPDL,3.41806,0.000692726
ZC3H12D,2.83276,0.00483865
RNF138,3.62111,0.000329445
CLDN12,-3.68564,0.000258225
TEX22,2.86308,0.00440711
LIME1,4.05684,5.94E-05
ITM2B,-4.217,3.04E-05
SLC12A4,-2.99675,0.00289169
TNNT2,-2.60542,0.00950438
TNNT1,-4.06187,5.82E-05
TNFRSF1B,4.43259,1.19E-05
TNFRSF1A,-2.58869,0.00997091
TNNC1,-3.33381,0.000933185
LOC645188,3.21787,0.00139229
DMXL1,4.60719,5.43E-06
DDX5,3.42941,0.000665143
BBS1,-2.64657,0.00843911
CXCR3,3.27549,0.00114288
GPR6,3.10886,0.00200683
CSTF2T,3.71708,0.000229036
ID1,-4.83673,1.86E-06
C10orf25,3.23235,0.00132528
C20orf203,3.5422,0.000441613
WWC1,-4.35696,1.66E-05
KANSL1,4.31111,2.03E-05
ECE1,-3.47218,0.000570196
SNHG8,3.69476,0.000249421
CORO7,5.05118,6.58E-07
CHPF,-3.11952,0.00193724
SLC52A2,-2.93155,0.00355844
SPAG16,-4.22804,2.90E-05
PRCP,-3.29501,0.00106826
LOC284632,2.61941,0.00912944
OR6A2,3.18601,0.00155096
KCTD18,2.8686,0.00433232
MOK,-3.35432,0.000868389
RAD51D,3.38651,0.00077506
WWOX,3.42884,0.000666505
RAF1,2.87484,0.00424932
SEC63,4.67078,4.05E-06
POLG2,3.09203,0.00212141
MCM10,3.03864,0.00252598
CAPRIN2,-2.67634,0.00773662
NRBP2,-3.95036,9.16E-05
ANP32A-IT1,4.21301,3.09E-05
RTTN,3.36291,0.000842489
TTC37,3.08369,0.00218039
TDRD7,-3.41215,0.000707497
BIRC2,-4.4708,1.01E-05
JPH2,-2.60768,0.00944295
WDR77,-3.42235,0.000682168
BBS12,-3.55944,0.000414414
RPL8,3.33514,0.000928845
RPL13,3.02051,0.00267873
RPL10,-3.01439,0.00273214
HNRNPA0,3.28475,0.0011069
C12orf43,2.80994,0.00518837
C11orf58,2.89408,0.00400235
SRGAP1,-3.88268,0.000120083
HFE,-3.64559,0.0003005
TWISTNB,3.17129,0.00162975
LOC283856,3.66172,0.00028275
PARVG,4.4193,1.26E-05
ISL2,4.33346,1.84E-05
ID4,-3.31828,0.000985227
MAPRE3,-3.2646,0.00118659
CCDC134,-2.77561,0.00575786
RRN3P2,2.76207,0.0059975
GINM1,-3.01405,0.00273515
TRIM3,-2.94937,0.00336348
NR2F6,-3.68394,0.000259905
RCC2,4.16686,3.76E-05
PRSS22,-2.60936,0.00939748
KCNH6,-2.75133,0.00619417
CWC15,-3.13426,0.00184463
UQCRB,3.88119,0.000120792
RIC8A,-4.63543,4.77E-06
WTAP,3.30921,0.00101687
GPRIN3,3.40165,0.000734455
CCNJL,-3.76482,0.000190591
DIS3L,3.41225,0.000707247
PGPEP1,3.29986,0.00105042
TLE4,2.71556,0.00689144
TLR3,-2.65981,0.00811976
EXOC2,3.63453,0.000313267
COX15,2.76728,0.00590422
IMMT,2.90016,0.00392702
URB2,2.69714,0.00727725
P4HA2,-4.13315,4.33E-05
CES5A,3.46296,0.000589527
SNORA72,3.68457,0.000259279
MYSM1,2.67398,0.00779011
HIST1H4F,3.97179,8.40E-05
HIST1H4D,3.70314,0.000241573
ZNF678,2.80413,0.00528107
HIST1H4B,3.7097,0.000235594
MARVELD3,-2.71454,0.00691212
TDP1,2.58847,0.00997714
NABP1,-3.56641,0.000403877
G6PC3,-3.233,0.00132231
ALG14,-2.9083,0.00382826
HNRNPD,3.04813,0.00244925
HNRNPA2B1,2.58599,0.0100482
LMX1B,-2.75417,0.00614155
LOXL2,-3.57829,0.000386479
LIPA,-2.70502,0.0071099
LIMK1,-3.37387,0.000810509
LIG3,2.80608,0.00524969
CSK,3.33331,0.000934826
NAAA,5.22962,2.69E-07
S100A16,-5.05555,6.44E-07
CHI3L2,3.03069,0.00259195
TMEM101,2.59322,0.0098427
SRGAP3-AS2,5.2885,1.99E-07
CPEB3,2.95633,0.00329006
WDR26,2.67187,0.00783859
CDC42BPB,-4.23926,2.76E-05
KDM4B,3.0132,0.00274265
TBC1D1,2.57876,0.0102574
ARHGEF28,-3.50701,0.000502393
ATP8B2,3.24472,0.0012704
SC5D,-4.30149,2.12E-05
TXLNA,3.0398,0.00251649
BTBD8,-3.0674,0.00230001
BCAP31,-3.24882,0.00125269
RBM12,4.24077,2.75E-05
YAF2,3.36397,0.000839371
RCSD1,5.53603,5.48E-08
ZNF136,3.00277,0.00283638
TUBGCP3,3.01362,0.00273896
RNF125,3.62202,0.000328326
CEP70,-3.12291,0.00191557
TEX261,-2.77518,0.00576531
ATP2A1,4.19748,3.30E-05
SYPL1,-3.53956,0.00044592
DCK,4.02281,6.83E-05
EIF5,-2.97858,0.00306499
HOXB9,-2.74094,0.00638978
GNAT3,2.72634,0.00667416
TCHP,3.3335,0.000934204
GPC1,-4.47043,1.01E-05
NRBP1,-3.04057,0.00251018
POMT2,-3.23573,0.00131004
SERTAD1,-3.94153,9.49E-05
WNT4,-2.65933,0.00813124
NACA2,3.33612,0.000925664
POLH,2.80667,0.00524026
POLG,2.84071,0.00472196
CLCN2,-3.33325,0.000935013
EFHC1,-3.13392,0.00184672
MFNG,3.51437,0.000489068
PPP2R2A,2.88353,0.00413604
TRAV8-6,5.16001,3.83E-07
PPP2R3A,-4.25623,2.57E-05
PPP2R5B,-3.11843,0.00194421
BOC,-3.49153,0.000531535
ACO1,-2.83626,0.00478685
CNOT4,2.62125,0.00908113
UAP1L1,2.62872,0.0088872
AGBL3,2.63902,0.00862618
GSE1,4.30834,2.05E-05
BRD7P3,3.1383,0.00181999
CBLC,-3.47068,0.000573297
RUSC1,-3.01627,0.0027157
BACE1,-2.72456,0.00670958
SLC7A1,2.79594,0.00541408
PLEKHA1,-3.73461,0.000214144
SLC9A1,-3.48937,0.000535735
HEATR5A,-3.7206,0.00022597
NSL1,3.41889,0.000690676
WWTR1,-4.22702,2.91E-05
SRPX2,-2.82136,0.00501055
OTP,3.40232,0.000732726
DHRS1,-2.59942,0.00966941
RXFP3,3.5023,0.00051111
ACSS2,-2.775,0.00576835
KMT2E,2.97438,0.00310637
STIP1,-3.35899,0.000854219
ERP29,3.0815,0.00219614
CBR4,4.27098,2.41E-05
CYP26B1,-3.43656,0.000648311
EBNA1BP2,-3.73242,0.000215954
HOXD-AS2,-2.98999,0.00295511
KLF5,-4.00399,7.37E-05
NNMT,-3.72087,0.000225736
ITPRIPL1,4.06041,5.85E-05
PGP,-3.08304,0.00218509
GIMAP2,5.18888,3.31E-07
RSL1D1,4.8417,1.82E-06
SLC22A5,-3.189,0.00153539
FGR,2.86183,0.00442408
SACM1L,2.78087,0.00566713
FAM53C,3.35787,0.000857598
PNO1,-2.88539,0.00411217
CARD8,3.9081,0.000108527
ARSG,4.97146,9.72E-07
TLCD1,-2.83546,0.00479872
EPHA3,2.64863,0.00838873
EPHA4,-3.82562,0.000150397
NKG7,3.27998,0.0011253
EPHB2,-2.64574,0.00845952
LOC100506258,2.60247,0.00958521
UTP3,2.93418,0.00352901
MTA3,-3.33246,0.000937602
GAS2L1,-3.21931,0.00138547
MTRF1,2.8961,0.00397711
WDR5B,-2.65161,0.00831635
GNL3L,5.05173,6.56E-07
FBXO11,2.82383,0.00497293
PICALM,-4.90076,1.37E-06
FAM58A,-3.40225,0.000732909
NCOR1,4.86358,1.64E-06
CAMK2N1,-4.03216,6.57E-05
ARHGAP25,2.6761,0.00774187
RPL23,3.68262,0.000261209
KDM2B,5.32688,1.64E-07
TRAF4,-2.71897,0.00682186
FAM192A,2.68937,0.00744601
PIK3CB,-2.67289,0.0078152
ACTR2,2.78608,0.00557835
GSG2,3.63428,0.000313558
SOX17,-3.0304,0.00259436
OR51I2,4.62259,5.06E-06
YTHDC1,3.13378,0.00184758
PEA15,-4.0131,7.10E-05
TIMP4,-3.28991,0.00108731
TIA1,3.50894,0.000498862
SRSF9,5.17995,3.46E-07
SLC35F6,-2.94217,0.00344103
RNASEH2B,2.96213,0.00322995
NDNF,4.62483,5.01E-06
OGFRL1,-3.21359,0.00141269
BTAF1,3.71149,0.000233986
ZNF236,4.93158,1.18E-06
HOOK3,3.71226,0.000233299
HELB,4.72409,3.16E-06
RORA,2.59702,0.00973615
CR1L,-3.3087,0.00101867
MGRN1,2.60537,0.00950587
LRMP,3.85666,0.000133107
DBR1,3.44842,0.000621256
LRCH4,3.58288,0.000379948
KIF2A,3.46625,0.000582556
TRAPPC13,2.75993,0.0060363
CHCHD1,-3.04835,0.00244753
RASAL2,-4.50862,8.49E-06
ATAD5,2.61345,0.00928765
TMX2,-2.89345,0.00401014
H2AFV,2.92477,0.00363523
FAM3A,-3.43651,0.000648435
SF3A2,2.61372,0.00928028
PPHLN1,3.49006,0.000534392
PALD1,2.70221,0.0071691
CIDEB,3.35734,0.000859197
DENND2A,-2.99773,0.00288263
GLUD1,2.83785,0.00476358
TMBIM1,-3.9193,0.000103776
DEFB129,2.66001,0.00811507
CHST3,-3.51325,0.000491075
VANGL1,-3.20321,0.00146333
CXCR4,4.55392,6.92E-06
BMPR1A,-3.11028,0.00199743
SPACA1,3.15661,0.00171201
ABI2,-3.54521,0.000436749
PLXNC1,3.73978,0.000209928
PDZK1IP1,-3.71057,0.00023481
NRG1,-3.15287,0.00173359
CBX3P2,3.55752,0.000417367
SSH3,-4.12298,4.51E-05
RC3H1,5.5148,6.14E-08
EIF4E,3.02057,0.0026782
PLEKHN1,-3.07928,0.00221225
TUBB2A,-3.44193,0.000635917
LOC100130872,5.21685,2.87E-07
HOXC6,-2.77019,0.00585272
EIF2S3,4.69113,3.69E-06
EPHA2,-5.218,2.86E-07
DAPK3,-5.12936,4.46E-07
TAF1L,4.88509,1.48E-06
GPS1,-3.51501,0.000487926
GRK6,2.86378,0.00439755
GPX3,-3.43953,0.00064144
HOXA-AS2,-3.48981,0.000534875
POR,-4.92446,1.22E-06
PPL,-3.29952,0.00105167
TNFRSF13C,3.32095,0.00097609
KRTAP11-1,2.99124,0.00294326
PPP1R3A,2.76819,0.0058881
PPP1CB,3.11176,0.00198769
UBQLN2,2.78013,0.00567977
CLEC5A,4.27621,2.36E-05
HES5,-2.77869,0.00570458
VGLL1,-3.24223,0.00128128
CDC20,-4.36558,1.60E-05
IGSF3,-2.67224,0.00783004
SEC31B,4.30579,2.08E-05
ABCA6,2.63238,0.00879362
ICMT,-2.67079,0.00786328
CBX5,4.22314,2.96E-05
PHF3,2.95282,0.00332688
PPAT,2.92587,0.00362262
DPY19L4,-2.96872,0.00316291
GRAMD3,-4.43985,1.15E-05
ZBTB10,2.6973,0.00727382
PPIA,4.78537,2.37E-06
SF1,4.45954,1.06E-05
ASXL2,3.4487,0.000620624
ELP2,3.99898,7.52E-05
PCMTD2,3.6559,0.000289038
THNSL2,-2.68168,0.0076163
KIF3B,-2.83065,0.00487004
FAM129B,-4.42174,1.25E-05
GCN1,3.61067,0.000342573
COPS6,-2.84488,0.00466165
CCNI,3.02353,0.0026527
HOXB6,-2.95005,0.00335622
LGR4,-2.77246,0.00581278
LINC00342,3.62306,0.000327049
TMEM63B,-3.8184,0.000154712
FCAR,3.61741,0.000334046
FCER2,4.12971,4.39E-05
SPACA6,-5.02276,7.57E-07
TTI2,4.34586,1.74E-05
SCARNA2,3.33299,0.00093588
ZMYM1,-4.18338,3.50E-05
QSER1,-2.75535,0.00611987
PIP4K2C,-3.32726,0.000954808
KAT6A,5.80769,1.26E-08
PIK3CG,4.68426,3.81E-06
PIK3R1,4.58793,5.93E-06
PIK3CD,2.67383,0.00779357
RFWD2,3.59026,0.000369665
DKFZP586I1420,3.35436,0.000868255
MTURN,3.00026,0.00285933
RNF25,-4.35107,1.71E-05
PELI3,-2.67781,0.00770313
ETFBKMT,3.08073,0.00220173
LINC00852,3.91529,0.000105455
SKAP1,3.56071,0.000412485
DYNLT1,-4.62697,4.96E-06
CCDC174,3.33584,0.000926595
UBE3A,5.05109,6.58E-07
OPRL1,3.56265,0.000409526
UBE2N,5.87772,8.53E-09
PDZD11,-3.71819,0.000228065
DCAF1,4.08662,5.25E-05
CTDSPL,-4.30447,2.09E-05
FLOT1,-3.34691,0.000891284
PSMD14,-2.63079,0.00883435
TGM2,-4.62897,4.92E-06
TGM1,-3.54041,0.000444533
THBS1,-4.21468,3.07E-05
ZAP70,3.48702,0.000540334
MT1F,-3.78765,0.000174439
C20orf197,2.77097,0.00583904
DYNLT3,-3.43372,0.000654958
NT5C1B,2.68624,0.00751472
GYPC,3.67263,0.000271301
ZNF491,2.81432,0.00511955
ACRV1,3.23813,0.00129937
DGCR2,-3.3563,0.000862342
GYS1,-2.63705,0.00867544
MTA1,2.87292,0.00427469
SLCO1B3,-3.27424,0.00114783
RBPMS,-3.02799,0.00261471
PGBD5,-2.69336,0.00735881
CRHR2,3.04922,0.00244058
LOC440704,3.0163,0.00271541
PIGO,-2.88774,0.00408226
SKA1,4.03016,6.63E-05
TRIM4,3.14998,0.00175043
FAM135B,2.63447,0.00874069
HERC6,-3.69198,0.000252078
PCF11,3.85409,0.000134464
CTSA,-2.70483,0.00711387
LUC7L2,3.76742,0.000188683
GLOD4,3.8795,0.000121604
DTWD1,4.21598,3.05E-05
CYTH4,2.9167,0.00372863
AFF4,-3.32025,0.000978487
C1orf228,3.3852,0.000778651
ADPRM,3.40314,0.000730567
NDUFB4,2.7813,0.00565972
SHPRH,2.75253,0.00617192
SPRR1B,-3.01714,0.00270807
SPN,5.1629,3.77E-07
SPR,-2.91949,0.00369615
SPOCK1,-2.63158,0.00881408
NMT2,-2.60881,0.00941219
BTG2,2.84166,0.0047081
CCL1,2.58893,0.00996414
SLC1A4,3.11039,0.00199672
BCAP29,-2.73068,0.00658837
TMEM234,-5.05304,6.52E-07
SORBS3,-2.82608,0.00493875
DSTN,-3.65223,0.000293061
MLLT6,3.80533,0.000162823
ATP6V0E1,-3.37739,0.000800498
KCNS2,2.75402,0.00614433
MPV17L,2.70008,0.00721438
NOL3,-2.9907,0.00294842
DPYSL3,-3.23071,0.00133272
OR1F1,2.82216,0.0049984
OR2C1,2.82127,0.00501192
ORC1,3.38243,0.000786342
SERPINE1,-2.76238,0.00599205
SLC2A1,-4.84972,1.75E-06
TMEM54,-3.48965,0.000535179
EFNB2,-3.12314,0.0019141
EFNA1,-2.85273,0.00455033
GPER1,2.67236,0.00782718
MICAL2,-3.73233,0.000216027
GPR34,2.91833,0.00370956
CTGF,-3.45546,0.000605694
DNAJB1,-4.55536,6.88E-06
HSPG2,-4.47304,9.96E-06
ZFYVE21,-4.34413,1.76E-05
DDX54,2.91069,0.00379962
ERI3,-2.87759,0.00421315
C7orf26,3.67839,0.000265439
RHBDL2,-3.47157,0.000571454
AGRN,-4.87257,1.57E-06
NNAT,2.83717,0.00477351
KLK1,2.77271,0.0058085
SLC5A11,2.7913,0.00549082
ATP6V1B1,-3.04931,0.00243991
ATP6V1B2,3.41843,0.000691806
CRISPLD2,-3.09911,0.0020725
ATP6V1E1,-2.64466,0.00848604
CCR1,3.01986,0.00268434
CCR4,2.58574,0.0100554
PSMD12,-3.34136,0.000908816
ARID1A,3.14349,0.00178874
SLC1A3,-3.58267,0.000380252
CUL3,3.02899,0.00260624
KIR2DS4,2.66858,0.00791445
KIR2DL4,2.90273,0.00389555
KIFC3,-3.43982,0.000640765
TPST1,-4.11868,4.60E-05
SMARCA5,3.62976,0.000318935
HNRNPM,3.43875,0.000643234
TRAPPC9,2.66978,0.00788673
CNBP,4.36987,1.57E-05
ZNF654,3.21248,0.00141803
FGGY,-2.63949,0.00861424
NUDT15,-4.68334,3.82E-06
ARHGAP23,-3.42228,0.000682351
LMNB2,3.03945,0.00251934
EP400,4.44485,1.13E-05
MCM6,4.20147,3.25E-05
MICA,-3.47094,0.000572772
MCM3,3.321,0.00097594
SH3RF1,-2.98541,0.0029988
TMEM136,-2.64159,0.00856199
COPB2,-2.62261,0.00904567
USP54,-3.97964,8.14E-05
ARID4A,3.38827,0.00077022
KDM5A,5.11836,4.71E-07
MGEA5,3.92503,0.000101423
RBBP4,4.29776,2.15E-05
RBBP5,5.40124,1.11E-07
AP1M2,-3.31367,0.00100118
MT2A,-4.12279,4.52E-05
GATAD2B,3.56321,0.000408691
CCDC39,2.94231,0.0034395
ERN1,2.74773,0.00626119
LCORL,3.82466,0.000150964
LAMTOR1,-3.15026,0.00174875
C19orf33,-4.20159,3.24E-05
NLRP9,3.31034,0.00101287
TRAPPC11,3.54543,0.000436403
FKBP10,-3.14985,0.00175116
SMAP1,2.95104,0.0033457
C5orf51,2.7744,0.00577885
ZSCAN29,4.14174,4.17E-05
TMEM141,-4.0333,6.54E-05
AFAP1L2,-3.35998,0.000851237
TTBK1,3.02704,0.00262279
GPR174,2.63019,0.00884971
EVA1A,-4.07699,5.46E-05
RPL37A,2.72115,0.00677799
APBB1IP,2.87473,0.00425081
NBR2,3.1136,0.0019756
RASGRP2,4.20928,3.14E-05
TGFA,-4.20847,3.15E-05
DCAF7,4.15209,4.00E-05
SCAPER,2.62962,0.00886425
ZBTB21,3.01983,0.00268461
PPIC,-5.44209,9.00E-08
RHPN2,-4.6575,4.31E-06
SERTAD4-AS1,-3.72119,0.000225462
UCA1,-3.75421,0.000198568
AFF1,3.3396,0.000914446
CDH3,-3.53531,0.000452946
TRAF3IP3,6.03285,3.56E-09
LOC646214,5.02004,7.67E-07
MOV10,-2.84931,0.00459849
GPIHBP1,2.80132,0.00532627
LIAS,3.52303,0.00047382
KDELR3,-3.19513,0.00150388
TLK2,2.74743,0.00626695
PLPP2,-3.78557,0.000175855
SOX13,-3.41397,0.000702905
SLC41A2,-3.66502,0.00027924
CBX3,3.33191,0.000939413
DKK3,-3.31645,0.000991519
LOC155060,2.73341,0.00653492
PIH1D2,-3.76451,0.00019082
SMCHD1,2.88903,0.00406587
TGFBI,-3.22213,0.00137226
PHF24,3.49713,0.000520824
C17orf62,3.14569,0.00177565
XYLT1,2.60088,0.00962901
LIN7B,-2.67334,0.00780479
AKNA,4.36216,1.63E-05
BCL7C,-4.35275,1.69E-05
ANKDD1A,2.87281,0.0042762
FAM114A2,3.28796,0.0010947
C8orf44,3.29314,0.00107521
ESPNL,3.77119,0.000185949
PCBP1,4.92566,1.21E-06
EVI5,-3.47044,0.000573792
COL13A1,-2.66618,0.00797021
MOB3A,3.63009,0.000318531
PCDH1,-2.6057,0.00949684
PABPC1L2B,2.81924,0.00504316
LEFTY2,2.62159,0.00907219
PRDX6,-2.8241,0.00496882
VPS33B,3.27004,0.00116459
SNRNP48,3.09179,0.00212311
FBXO3,-3.56637,0.000403938
CD28,2.63631,0.00869408
PPT2,-3.37173,0.00081667
DSG2,-3.3676,0.000828675
ARID3A,5.94118,5.98E-09
EZH2,2.80358,0.00528978
EZH1,3.42304,0.000680493
AGO4,4.5508,7.02E-06
OPA1,3.95466,9.00E-05
SULT2B1,-3.26739,0.00117526
TMTC2,3.01419,0.00273397
UNC5CL,3.49258,0.000529509
BTBD10,-3.18358,0.00156372
ZDHHC16,-5.09556,5.28E-07
NLRC4,2.98388,0.00301349
PKN2,-3.18059,0.00157954
CEP135,2.7827,0.00563584
SPINT1,-2.65219,0.00830218
CD7,3.1427,0.00179346
SHMT2,4.58397,6.04E-06
SPP2,3.28026,0.00112421
FAM71E1,-3.26459,0.00118665
PLAU,-3.41539,0.000699367
GPR132,4.68322,3.83E-06
SNX12,-3.3591,0.000853879
RPA4,3.25291,0.00123523
NENF,-3.29314,0.00107521
CLTA,-3.82203,0.000152527
MAST2,-4.1427,4.16E-05
HSPBP1,-2.69847,0.00724874
LY96,2.8313,0.00486039
EDC4,3.5217,0.000476126
SYNE3,4.39504,1.41E-05
NAA10,-2.79762,0.00538652
MTDH,5.38033,1.24E-07
CRADD,3.94253,9.45E-05
REXO2,-3.60661,0.000347817
MPV17L2,-2.63665,0.00868552
C7orf49,-2.96092,0.00324246
LRFN3,-3.18293,0.00156714
KRT16,-2.78679,0.00556642
ZBED2,-4.64426,4.58E-06
KRT15,-4.30447,2.09E-05
ULK1,2.8019,0.0053169
UXT,2.72933,0.00661497
SPOP,3.7649,0.000190528
ZNF24,5.63458,3.23E-08
ZNF26,3.31935,0.000981548
EXD2,-3.51511,0.000487751
TMEM57,3.14324,0.00179027
RCBTB1,3.16838,0.00164578
C11orf57,3.18659,0.00154792
P3H2,-3.72296,0.000223938
LINC00032,2.68144,0.0076216
MBD1,3.53718,0.000449846
MBNL1,4.13253,4.34E-05
TOMM70,2.83685,0.00477829
HIST1H2AB,4.61763,5.18E-06
KRTAP9-4,4.90738,1.33E-06
ARHGEF2,3.11784,0.00194803
GATC,3.91346,0.000106228
IGFBP6,-4.17638,3.61E-05
IGFBP3,-3.46819,0.000578486
TNFSF14,3.31048,0.00101236
SFPQ,5.05274,6.53E-07
SNX20,3.53884,0.000447109
KIF18A,-3.47992,0.00055443
LIFR-AS1,3.14661,0.00177025
MED23,3.35226,0.000874706
LOC100506571,2.72634,0.00667408
WDR86,2.95662,0.00328699
PINK1,-3.89047,0.000116423
CNIH1,-2.89552,0.0039844
ZNF266,2.95192,0.00333644
NCKAP1,-4.72434,3.16E-06
IQGAP2,4.59899,5.64E-06
ESRP2,-3.06548,0.00231447
UPP1,-4.92746,1.20E-06
UCK2,4.02053,6.89E-05
ST7-OT4,2.80123,0.00532779
BAZ1B,3.60044,0.000355921
SRRM1,2.69804,0.00725808
CNKSR1,-3.61976,0.000331125
ZKSCAN2,4.12194,4.53E-05
MED18,2.68745,0.00748809
MBTD1,3.96162,8.75E-05
TUBB6,-3.60416,0.000351012
ANKRD46,3.43079,0.000661872
LOC100505918,3.62414,0.00032573
TRA2A,3.09493,0.00210128
CA1,-2.79336,0.00545668
KCNN2,2.66294,0.00804587
VPS51,2.93529,0.00351662
CDK9,3.67846,0.000265368
CDKN1B,2.64786,0.00840737
ZNF576,-3.39256,0.000758577
CALHM1,4.63879,4.70E-06
LOC728175,5.05981,6.30E-07
TRIOBP,-2.7989,0.00536565
DUSP14,-4.44666,1.12E-05
TMEM115,-4.0523,6.05E-05
HSF2BP,-3.88265,0.000120093
STX11,2.95938,0.00325832
SMAD6,-2.66039,0.00810607
TBX22,3.31955,0.000980858
SMUG1,-2.60355,0.0095557
ECD,-3.0659,0.00231133
GPR182,3.01626,0.00271573
BORCS5,4.12638,4.45E-05
COPE,2.87249,0.0042804
CD300A,4.60339,5.53E-06
LYPLA2,-3.25566,0.0012236
PTGFRN,-3.56421,0.000407176
LINC00161,4.51753,8.16E-06
RAB5B,3.56449,0.000406754
ENPP5,-3.07441,0.00224783
OBSL1,-3.09486,0.00210176
FNBP4,3.94033,9.54E-05
LARP1,3.75542,0.000197642
KIAA0895,-4.06109,5.84E-05
PUM2,6.65458,8.96E-11
PDZD7,-2.71797,0.00684223
MTMR2,-2.6667,0.00795795
OSTC,2.93057,0.00356946
LOC401320,4.49855,8.88E-06
SRCIN1,2.72149,0.00677101
RASSF4,3.30199,0.00104272
HSPH1,-2.95366,0.00331806
SUSD2,-3.39252,0.000758707
CYSLTR1,4.53762,7.45E-06
OR7A10,3.51569,0.000486714
KMT2C,3.10263,0.00204858
SDC4,-4.4924,9.13E-06
IRF2,4.52562,7.87E-06
BLOC1S6,5.64648,3.03E-08
KCNG2,-3.61448,0.000337725
AAMDC,-2.69209,0.00738649
04-Mar,-3.11613,0.00195914
ADGRG1,-3.75408,0.000198669
GRPEL2,3.76546,0.000190122
AFAP1L1,-3.92192,0.000102693
DUSP3,-3.21049,0.00142764
DUSP2,3.25858,0.00121143
LCA5,-2.78957,0.00551982
HEATR5B,4.81073,2.10E-06
TMX3,3.45995,0.000595974
HSF2,2.96425,0.0032083
EDN1,-3.80018,0.000166128
LPAR1,-2.77896,0.00569978
S1PR1,2.86116,0.00443331
FDX1L,-4.05073,6.09E-05
HVCN1,4.00163,7.44E-05
KIF15,3.96807,8.53E-05
MUC16,-4.15132,4.01E-05
TARBP1,3.1647,0.0016662
CDHR3,2.65651,0.00819837
CCAR2,5.15667,3.89E-07
HES4,-2.80525,0.005263
TRRAP,3.65356,0.000291599
CCDC124,-3.65076,0.000294696
RBM10,3.08659,0.00215971
ACTL9,2.91369,0.0037641
SCEL,-3.78551,0.000175895
PGM1,-3.16245,0.00167885
ZNF282,2.78191,0.00564922
PPARD,-2.58787,0.00999437
SLC16A5,-3.40138,0.000735171
RNF220,2.66437,0.00801233
LINS1,2.72456,0.00670959
SMG8,3.28418,0.0011091
SLC16A3,-3.51042,0.000496181
KLHL8,4.83709,1.86E-06
ZEB2,2.84412,0.0046726
LOC145845,3.28262,0.0011151
PI16,-2.66006,0.00811397
ZNF41,3.32823,0.000951598
TNRC6B,5.23368,2.64E-07
SPINT2,-2.991,0.00294552
ADORA2A-AS1,2.74441,0.00632381
IPO5,2.99229,0.00293337
KRT2,2.77939,0.00569239
MRPL54,2.80401,0.00528299
CASC3,4.13566,4.28E-05
TFEC,2.90268,0.00389615
EIF2S2,2.62539,0.00897327
TBC1D2,-4.31649,1.98E-05
PVRIG,2.9085,0.00382578
PKHD1L1,2.70245,0.00716416
CDK12,2.67032,0.00787426
CPA4,-4.18629,3.46E-05
NUSAP1,2.6994,0.00722891
DDX47,-3.06821,0.00229395
GGNBP2,3.41133,0.000709553
ZNF671,3.39599,0.000749406
DDX60,-3.48828,0.000537865
PPP1R27,3.77662,0.000182076
MTR,3.0111,0.00276135
MYO1F,2.70024,0.00721112
RIC1,2.7987,0.00536899
PREX1,2.64444,0.00849157
CFAP97,4.92183,1.24E-06
RICTOR,2.70645,0.00707981
PMCHL2,3.81073,0.000159424
RNF217,-3.44691,0.000624646
CEP120,4.60521,5.48E-06
GAPDH,-2.72982,0.00660539
GALT,-3.12542,0.00189965
SERBP1,3.47905,0.000556177
LINC00574,2.71534,0.00689592
EID2,-3.00214,0.00284208
DCAF17,3.54625,0.000435082
BRD2,2.62378,0.00901497
GAS8,-2.66742,0.0079413
GAS2,3.58345,0.000379143
GATM,3.56566,0.000405004
SAMD1,2.68753,0.00748631
SLC35A2,-2.90789,0.00383313
UGCG,-2.86873,0.00433061
GPRC5B,-3.10786,0.0020135
PDCD6IP,2.9184,0.00370884
HDAC5,4.2346,2.82E-05
KLHL24,3.53032,0.000461328
DYM,4.15287,3.98E-05
ZCCHC7,3.02736,0.00262003
UBE4B,3.68142,0.000262399
FSTL3,-3.27971,0.00112637
AKAP8,3.90047,0.00011188
PSTPIP1,3.05616,0.00238604
GPRC5A,-5.25348,2.39E-07
BOLA3,-3.08767,0.0021521
BAHD1,4.41887,1.27E-05
CEP164,-2.68761,0.00748455
VPS13C,3.51698,0.000484423
KIAA1107,-2.86337,0.00440307
CDCP1,-3.17789,0.00159398
CDS1,-4.13215,4.35E-05
GUCY1A3,5.09916,5.19E-07
CPSF6,5.07463,5.86E-07
PCBP2,3.0135,0.00274006
OGFR,-2.8029,0.00530085
ATP6V0C,-2.61566,0.00922872
DYNLL1,-4.15504,3.95E-05
CXorf65,5.1832,3.41E-07
SNHG20,3.22335,0.00136656
MYC,3.03998,0.002515
TNFAIP8,4.84872,1.76E-06
KLK5,-4.18386,3.50E-05
IFNA10,3.22556,0.0013563
IFT22,-4.11862,4.60E-05
CCR7,4.05198,6.06E-05
LSM7,2.9762,0.00308834
HECA,3.0324,0.00257762
UBR2,3.73007,0.00021791
NEMP1,3.37155,0.0008172
VIPR2,3.47651,0.000561328
EZR,-2.92512,0.00363125
VIPR1,-2.68617,0.00751625
ENO1,-2.72939,0.00661371
MYBPC1,2.73721,0.00646129
SPAG1,-3.0176,0.00270403
SP3,3.53579,0.000452151
AJUBA,-4.20823,3.15E-05
FBXL20,2.66282,0.00804869
IL21R,3.80526,0.000162872
USP20,2.98406,0.0030118
USP19,3.59565,0.000362325
TSPAN9,-4.65583,4.34E-06
ARID5A,4.96466,1.01E-06
CD86,2.899,0.00394127
CLSPN,3.50624,0.000503807
YIPF2,-3.08692,0.0021574
INTS6L,3.39217,0.000759631
ATM,3.76832,0.000188023
LCE2B,3.42906,0.000665994
FBXO2,-2.80009,0.00534634
PFN2,-3.3162,0.000992412
C12orf76,3.07917,0.00221302
COQ8B,-2.73871,0.00643243
NCF4,2.98607,0.00299246
SLA,3.69223,0.000251833
CD109,-2.85242,0.00455469
PLEKHA5,-3.63303,0.000315041
PEX10,-4.85095,1.74E-06
CREB3,-5.00897,8.10E-07
CAP2,-3.44213,0.00063546
LOC100505549,4.1216,4.54E-05
SFI1,2.86435,0.00438979
MAP3K6,-3.35048,0.000880173
ASIP,-3.31528,0.000995576
MED28,2.79505,0.00542872
WDCP,2.74263,0.00635752
EFHD1,-2.65149,0.00831919
C9orf47,4.06921,5.64E-05
DNMT3A,4.12845,4.41E-05
DYNC1LI2,-2.95869,0.00326545
DNMT1,2.60237,0.00958812
MSL1,2.61935,0.00913094
TAF5,2.91419,0.00375819
TAGLN,-2.92845,0.00359339
TAF1,3.75772,0.000195898
CCNB1IP1,3.44252,0.000634575
RAP2C,3.88445,0.000119241
HMHB1,2.66516,0.00799384
KIR2DL3,4.02763,6.69E-05
DENND1B,2.79675,0.0054009
CXXC1,4.47458,9.89E-06
CCDC153,-3.09821,0.00207868
CHAMP1,3.50362,0.000508656
SREK1IP1,4.03372,6.53E-05
TMC8,3.58371,0.000378782
MYO6,-2.98421,0.00301033
FAM161B,-2.57743,0.0102962
CEP68,3.22419,0.00136266
PASK,3.12424,0.0019071
RPUSD4,3.99928,7.52E-05
PSMD2,-3.45532,0.00060601
NDST1,-3.3432,0.000902987
HCLS1,3.98043,8.11E-05
NSMCE3,2.76057,0.00602457
C6orf62,2.97999,0.00305117
KIF21B,5.7494,1.73E-08
TRAPPC10,5.00922,8.09E-07
CYTH1,4.25641,2.57E-05
RBP1,-2.98568,0.00299616
TBC1D24,4.47725,9.77E-06
STRIP2,-3.19479,0.00150561
MTBP,2.98007,0.00305041
SH2D3C,6.40061,4.17E-10
MAMLD1,-3.67493,0.000268947
P2RY10,3.07612,0.00223524
ARAP3,-2.75032,0.00621288
HUWE1,3.45046,0.000616718
ATP9A,-3.98008,8.12E-05
TSSC4,-3.43751,0.000646111
MTA2,2.76274,0.00598543
SNRK,3.90691,0.000109043
SLC25A53,4.34747,1.73E-05
EPS8L1,-3.82549,0.000150478
ENAH,-3.58655,0.000374808
NLRC5,3.10133,0.00205737
CLDN1,-3.69788,0.000246473
PAK4,-4.8298,1.92E-06
ASH2L,2.65608,0.00820853
SF3A1,2.60702,0.00946099
KLC2,-2.67642,0.00773476
IL1RAP,-2.99591,0.00289954
IKBKB,4.35789,1.66E-05
NRROS,4.95029,1.08E-06
KRTAP4-11,3.09383,0.0021089
PYM1,4.52873,7.76E-06
GRM6,3.4794,0.000555478
CXCL1,-2.95561,0.0032976
LOC100130357,4.44091,1.15E-05
DNAJC14,4.29591,2.17E-05
MCM2,2.90305,0.00389165
CETN2,-5.30851,1.80E-07
CETN1,3.36659,0.000831643
ELOVL1,-5.33949,1.53E-07
CENPC,2.80393,0.00528424
TAAR3,2.75184,0.00618465
LOC729506,2.60936,0.00939738
LINC00466,2.58593,0.0100498
MMP14,-2.71765,0.00684864
MR1,2.80772,0.00522359
HMGB1,3.77823,0.000180942
HMGB2,4.03315,6.55E-05
HMGB3,3.10998,0.0019994
PTTG1,-2.60151,0.00961158
CENPU,3.20648,0.0014472
DYNLRB1,-2.79142,0.00548894
UFC1,2.68448,0.00755386
RBFOX2,-5.37452,1.28E-07
SEC14L2,-3.20552,0.00145193
LILRA4,2.74151,0.00637891
ATP6V0A2,4.4136,1.30E-05
ZBTB39,3.59905,0.000357765
RPL36,3.49467,0.000525498
LETMD1,4.56551,6.57E-06
USP22,2.68349,0.00757583
RPGRIP1L,-2.91797,0.0037138
TRIM2,-2.58193,0.0101651
VCL,-4.01888,6.94E-05
ZNF764,2.71102,0.0069848
ERVMER34-1,-2.59744,0.00972447
NDUFS7,2.85745,0.00448445
TUBGCP2,-3.59515,0.000363002
SRCAP,3.42065,0.000686341
PPP1R13L,-3.62173,0.000328689
HSH2D,3.01484,0.00272825
PAX7,-3.00665,0.00280121
GPSM3,3.00741,0.00279433
SNHG6,3.63846,0.000308674
FOLR1,-3.88062,0.000121065
SAMSN1,2.88394,0.00413076
ANKRD53,3.68193,0.0002619
FLJ16779,2.87919,0.00419224
ITPR1,3.58653,0.000374833
ITPR2,2.63586,0.00870553
GPBP1,3.76153,0.000193032
PYROXD1,2.62566,0.00896622
GPR183,2.68461,0.00755093
EVI2A,3.57723,0.000388007
MECOM,-3.11544,0.00196358
EVI2B,4.33199,1.85E-05
ROR1,-2.81148,0.00516407
NACA,3.94497,9.36E-05
PPP1R12B,2.60963,0.00939028
MYT1,2.82454,0.00496207
SMIM8,2.99707,0.00288877
PECAM1,3.06087,0.00234965
RIN2,-3.80363,0.000163911
TESK1,-4.07379,5.54E-05
ATAD2B,3.98923,7.83E-05
ADORA2B,-4.07519,5.51E-05
ADORA1,-4.02307,6.82E-05
TEAD1,-4.1978,3.30E-05
C14orf159,2.72019,0.00679732
LRRC75A-AS1,4.31347,2.01E-05
DEPDC5,3.81911,0.000154282
CLINT1,2.63759,0.00866207
GREB1,3.22655,0.00135176
LOC100505564,2.94713,0.00338739
ZNF485,2.80485,0.00526951
ULBP2,-4.26,2.53E-05
PUS1,2.68293,0.00758838
TMEM184A,-2.86298,0.00440847
LRP2BP,3.08678,0.0021584
TXLNB,2.78353,0.00562163
ACTN4,-5.10462,5.05E-07
ACTN1,-3.46456,0.000586135
TRIM24,2.6419,0.00855426
PEX11A,-3.51159,0.00049407
WWC2,-3.89321,0.000115161
SLC25A45,2.79616,0.00541047
EHD2,-3.70314,0.000241576
ADAM9,-3.4749,0.000564617
ADAM15,-3.32311,0.000968758
LDHAL6B,4.065,5.74E-05
ZNF587B,3.53003,0.000461819
ARIH2OS,4.38458,1.47E-05
TULP2,3.2831,0.00111324
PDIK1L,3.46998,0.000574764
C7orf31,3.41256,0.000706468
TAF8,5.22418,2.77E-07
ARGLU1,3.49527,0.000524356
LIMD1,6.25847,9.66E-10
AIM1L,-3.21397,0.00141085
ORAI2,3.90834,0.000108421
FCHSD2,3.09842,0.00207725
AP4S1,-3.42439,0.000677212
PTP4A3,3.69975,0.000244718
CORO1A,4.39999,1.38E-05
GRAMD4,3.45583,0.000604897
CTSD,-2.67057,0.00786839
06-Sep,4.51618,8.21E-06
LIN7A,3.95545,8.98E-05
KRT81,-3.49869,0.00051787
KRT19,-3.47711,0.000560109
PRR5L,-2.59959,0.00966485
SLC39A13,-3.14641,0.00177138
UBR7,3.29888,0.00105403
THAP1,3.72473,0.00022242
ELP3,5.79446,1.35E-08
CIPC,3.52298,0.0004739
PCDHA6,-3.40588,0.000723492
RRP36,-3.6406,0.000306202
DICER1-AS1,2.9553,0.00330079
BAD,-5.49794,6.71E-08
FZD7,-3.84072,0.00014174
LINC00341,4.86976,1.59E-06
RAB23,-3.98439,7.98E-05
FADD,-4.05202,6.06E-05
SOWAHC,-3.77534,0.00018298
INTS3,2.64347,0.00851536
FN3K,2.64789,0.00840667
TSPAN17,-4.46275,1.04E-05
IQCK,-3.99907,7.52E-05
PATL1,-4.49049,9.21E-06
BTNL9,2.64989,0.00835808
RAC3,-2.81785,0.00506464
RHD,-3.01447,0.00273145
RGS16,3.16946,0.00163978
ADGRG4,2.60379,0.00954888
RETN,2.61916,0.00913591
PTGES3,2.62945,0.00886852
TMC1,2.94307,0.0034312
DEF8,-2.8205,0.00502374
FAM175A,4.10883,4.79E-05
SYTL2,-2.90291,0.00389332
SIDT1,4.33981,1.79E-05
RNF167,-3.87379,0.000124391
TBC1D10B,2.63794,0.0086531
ADAT2,3.29544,0.00106666
ZZZ3,-3.23883,0.00129627
USP6,2.58185,0.0101675
RAD21,3.39884,0.000741835
LOC100506302,2.62975,0.00886083
PIGQ,-2.73221,0.00655848
SP2,3.0686,0.002291
RPL15,5.5715,4.54E-08
TMEM17,-4.12769,4.43E-05
C14orf93,3.76437,0.000190921
ICK,3.10127,0.00205779
CHSY1,3.19839,0.00148742
ADNP2,3.50361,0.000508662
ZNF519,3.42301,0.000680575
GDI1,-2.80992,0.00518861
GDI2,3.05139,0.00242337
GDF10,2.8773,0.00421696
GDF9,2.88161,0.0041608
GSR,3.61386,0.000338512
GSS,-3.24041,0.00128928
GSN,-3.76545,0.00019013
GSPT1,4.39189,1.43E-05
GSK3B,3.76107,0.000193378
PLAGL2,2.99551,0.00290328
PLAT,-3.35557,0.000864558
WSB2,-2.65426,0.00825223
RNF121,-5.37599,1.27E-07
CD300LF,2.71444,0.00691422
PRSS23,-4.65533,4.35E-06
PTPN21,-3.89797,0.000112997
BRIX1,-3.16394,0.00167045
CYCS,4.67984,3.89E-06
CYP2S1,-2.59504,0.00979158
RPL13A,3.05277,0.00241252
KAT6B,2.89303,0.00401544
ARHGAP45,3.70859,0.000236602
CLCF1,-3.89952,0.000112302
JKAMP,-2.79414,0.00544378
LTBP3,-2.93124,0.00356188
LARS,3.01609,0.00271727
TMEM138,-3.32583,0.000959601
BRMS1,-2.8678,0.00434311
DPEP2,3.82388,0.000151426
RSL24D1,5.62767,3.36E-08
LINC00094,-2.77704,0.00573307
MADD,2.87931,0.00419068
YARS,3.36649,0.000831937
DISC1,4.16367,3.81E-05
TTC8,-3.08641,0.00216104
WNT7A,-3.50086,0.000513793
WNT7B,-3.80225,0.000164795
LAPTM4B,-4.24082,2.75E-05
ZNF589,2.98621,0.00299108
EIF3L,4.57445,6.31E-06
ATP6V1D,-4.154,3.97E-05
SNRPE,3.5596,0.000414168
BAZ2A,3.00279,0.00283619
TMEM209,2.6228,0.00904069
TFAP2C,-2.95437,0.00331052
DIRC2,-4.81005,2.11E-06
PARM1,2.79332,0.00545733
PITPNM3,-3.27473,0.00114589
FMO1,2.80954,0.0051947
NDUFA7,3.20466,0.00145614
NDUFB2,-2.63972,0.00860867
GCNT4,4.29962,2.13E-05
ANKRD23,4.67692,3.94E-06
KCNJ13,3.57549,0.000390519
STPG1,-4.68523,3.79E-06
FSHR,3.38538,0.000778147
ZBED8,-3.60582,0.000348844
DIP2B,2.91823,0.00371073
XPNPEP3,2.81712,0.00507596
WFDC12,3.0447,0.00247673
PDE6B,3.16702,0.00165328
PDGFB,-3.78544,0.000175943
ADCY9,-2.59628,0.00975671
ADD2,2.91329,0.00376883
PROSER2,-3.40852,0.0007167
GPR87,-2.73238,0.00655517
PYGO2,2.89025,0.00405043
CCDC170,2.59432,0.00981158
BBOF1,-3.21623,0.00140008
EAF1,4.23564,2.81E-05
AMIGO2,-3.51612,0.000485944
TUBA4A,-3.28144,0.00111966
DNAJC10,-2.83373,0.00482424
HCG4,-2.58995,0.00993509
C6orf132,-2.70991,0.00700781
AGPAT2,-3.03281,0.00257419
ARPC1A,-3.29408,0.00107172
LEAP2,3.5553,0.0004208
KRTDAP,-2.60783,0.00943889
HESX1,3.17323,0.00161915
TERF2IP,4.17217,3.67E-05
NRP1,-3.92649,0.000100833
SHQ1,4.19043,3.40E-05
C19orf54,2.6767,0.00772824
MYO1H,2.804,0.00528304
MPDZ,-2.87113,0.00429856
PRRG1,-3.86921,0.000126666
TFE3,-3.25401,0.00123058
FAM127A,-3.52257,0.000474623
SMIM19,2.92976,0.00357851
DLX2,-2.73511,0.00650196
DLST,-2.94499,0.00341048
ZC3HC1,-2.79972,0.00535226
NCEH1,-3.71967,0.000226778
HSPA1B,-3.11031,0.00199725
MED19,-3.69945,0.000245005
IRGQ,3.53588,0.000451991
ZNF277,2.70174,0.00717905
NELFA,3.10253,0.00204922
COL8A2,2.60226,0.00959089
IGF2BP2,-3.8074,0.000161512
COL7A1,-2.60991,0.00938259
RAPGEF3,-3.25121,0.00124244
TMTC3,-4.05113,6.08E-05
C12orf50,3.55796,0.000416688
MSL2,4.31125,2.03E-05
C10orf35,-3.17095,0.00163161
PEX2,4.26264,2.50E-05
SEMA7A,-2.59804,0.00970773
GALR3,2.77459,0.00577555
BOD1,-4.28696,2.25E-05
FGFR1OP_Mutation,-3.03748,0.00253549
NFATC1_Mutation,-2.70695,0.00706943
KMT2C_Mutation,-3.2862,0.00110137
KMT2C_damage.Mutation,-3.84374,0.000140066
